id,domain,status,purchase_price,renewal_price,attractiveness,demand,length,registrar,created_at,expires_at,status_verified_at
fa2606c2-4e20-456c-97f7-0a3caacfa396,exocentric.forex,available,11.98,133.98,medium,low,10,namecheap,,,17/08/2026 17:21
2d15cb27-da33-47b9-a526-cb9f75bf7113,ascendent.forex,available,11.98,133.98,medium,low,9,namecheap,,,
24e67b95-ec07-4497-af09-0a79f197f2b3,monk.forex,available,10.55,83,high,low,4,spaceship,,,30/09/2026 04:34
d3c93e2f-cfc0-4394-972b-d6ae7be3fbd6,cerium.forex,available,11.98,133.98,medium,low,6,namecheap,,,14/09/2026 06:07
d37d538f-b53d-468d-8207-ef07c3ce47a6,imposing.forex,available,11.98,133.98,high,low,8,namecheap,,,08/08/2026 20:16
8e26268e-90cc-4e60-a88f-13e71e85f38d,seriously.forex,available,80.2,80.2,medium,low,9,cloudflare,,,28/09/2026 13:17
6e527e92-fb9c-415d-80f8-a7ea0623e020,alienism.forex,available,19.99,129.99,medium,low,8,name.com,,,18/09/2026 07:34
4a32ff6e-5d1f-4b6c-b338-a1a28db9989d,dish.forex,available,11.98,133.98,high,low,4,namecheap,,,19/09/2026 08:19
98166ba3-f4ff-4c8e-86f5-ff02cd547f6a,bsc.forex,available,10.55,83,high,low,3,spaceship,,,28/09/2026 15:39
a7befd3a-0c07-4f22-a6ca-884e771a374e,second.forex,available,11.98,133.98,high,low,6,namecheap,,,21/09/2026 12:59
a9620c5a-5b7d-40aa-87e8-d9f5e3bdcba8,wroth.forex,available,11.98,133.98,medium,low,5,namecheap,,,13/09/2026 13:38
e96fc3f8-5947-4495-a0f3-198e5f5f32e5,presentation.forex,available,11.98,133.98,high,low,12,namecheap,,,02/10/2026 16:27
cae5a142-ad62-40a2-845a-307a988bdeb0,radios.forex,available,11.98,133.98,medium,low,6,namecheap,,,18/09/2026 23:09
7287d552-251c-4556-8af7-d01cd63e0440,exists.forex,available,11.98,133.98,medium,low,6,namecheap,,,27/09/2026 02:40
ca63b0e5-7f51-442f-90e3-99e57ce617b3,coffeepots.forex,available,11.98,133.98,medium,low,10,namecheap,,,21/09/2026 00:56
b4b34b36-f1f5-4824-9b38-00453e9986c7,colourise.forex,available,11.98,133.98,medium,low,9,namecheap,,,12/08/2026 17:38
b41a0346-0bf5-4f02-883d-e9a4f182e174,wanness.forex,available,11.98,133.98,medium,low,7,namecheap,,,17/09/2026 01:08
259911e8-8101-4da8-b139-23e9b06254ec,distinguish.forex,available,13.5,,high,low,11,unstoppable,,,28/09/2026 21:05
1cf7b309-219e-470d-b82c-9f795b4dff54,eyrie.forex,available,11.98,133.98,high,low,5,namecheap,,,
4ae69ae8-b127-4918-aa14-a19087d6b1e5,forgot.forex,available,80.2,80.2,medium,low,6,cloudflare,,,27/09/2026 21:47
147f4437-0b7d-4438-8e25-1c8c1f2b7e58,sexless.forex,available,11.98,133.98,medium,low,7,namecheap,,,10/09/2026 05:17
b170a642-e4c1-4c77-a937-b05c2a23fb2d,kane.forex,available,11.98,133.98,high,low,4,namecheap,,,27/09/2026 07:59
4322a426-7b32-4d05-b557-bb410d513d06,calmly.forex,available,11.98,133.98,high,low,6,namecheap,,,14/09/2026 05:04
0b3d433b-1a63-4122-b9bd-73f6b0597448,punishing.forex,available,11.98,133.98,high,low,9,namecheap,,,06/08/2026 17:10
55de0e16-e8fe-48c5-b3f1-129d829e6ec3,slew.forex,available,11.98,133.98,high,low,4,namecheap,,,25/08/2026 00:42
dbe008e8-a906-4198-8193-cfcc678e5407,basia.forex,available,11.98,133.98,medium,low,5,namecheap,,,22/09/2026 10:34
7a8ee360-d5dc-4817-9115-d88b19ce9e0e,cagliari.forex,available,10.55,83,medium,low,8,spaceship,,,02/10/2026 08:20
1e50d5aa-20fe-4dfc-8e12-462a3899861c,crucifixion.forex,available,10.55,83,medium,low,11,spaceship,,,01/10/2026 13:41
4f11798e-4eeb-4849-b407-8b2a6b14d8a4,exhibiting.forex,available,80.2,80.2,medium,low,10,cloudflare,,,02/10/2026 02:10
b6ae65a4-08a3-444b-883b-8e16291dcfaa,hefty.forex,available,11.98,133.98,medium,low,5,namecheap,,,11/08/2026 02:48
a7bfbb5e-3a82-43f2-98c5-3e68e82cca4d,makin.forex,available,80.2,80.2,high,low,5,cloudflare,,,02/10/2026 05:42
e8c62015-3b3d-4bd3-9f4c-0b44dee9d11c,navajo.forex,available,10.55,83,high,low,6,spaceship,,,30/09/2026 18:09
9d4af520-0ed4-4b78-bc33-e4a9ceb80eb6,acrid.forex,available,11.98,133.98,medium,low,5,namecheap,,,
f6722a01-ae64-432a-9685-10d0de83a5fa,housman.forex,available,11.98,133.98,medium,low,7,namecheap,,,16/09/2026 12:57
df1f047a-15bd-4d8e-b6c4-0461e29fefa5,lineup.forex,available,13.5,133.98,medium,low,6,unstoppable,,,29/09/2026 23:05
81f49b3a-c317-4b76-810b-824f3af08e7b,lifespan.forex,available,80.2,80.2,high,low,8,cloudflare,,,01/10/2026 20:20
c8916a3e-124a-4b49-bec5-9903f57888c1,cycles.forex,available,11.98,133.98,medium,low,6,namecheap,,,20/09/2026 09:25
9591554d-3fa4-4433-aa7a-c403219cf7c4,nightly.forex,available,11.98,133.98,high,low,7,namecheap,,,03/09/2026 17:22
6ef61549-186b-4b7d-b83f-8b40b0ba7d7a,fdic.forex,available,10.55,83,medium,low,4,spaceship,,,30/09/2026 01:36
9a6632ac-9dcf-495e-95fd-ac37d8335ec9,spherical.forex,available,11.98,133.98,high,low,9,namecheap,,,08/08/2026 10:21
5cea59bf-36c4-404a-93f4-d63e1c19fd0c,slump.forex,available,10.55,83,high,low,5,spaceship,,,30/09/2026 09:25
5399a063-c77a-4d82-b7e7-fe47648fd125,bared.forex,available,11.98,133.98,medium,low,5,namecheap,,,22/09/2026 17:24
70bc3751-31d5-4bee-8a4b-43d80241545a,wilhelmina.forex,available,10.55,83,medium,low,10,spaceship,,,30/09/2026 04:45
dac65c66-a2fe-4b6a-ad68-e24c76790893,wistful.forex,available,11.98,133.98,high,low,7,namecheap,,,13/09/2026 12:45
81c9b0cc-6ba6-4e61-b494-17a95358604c,endicott.forex,available,80.2,80.2,medium,low,8,cloudflare,,,30/09/2026 01:32
add86101-e9ee-49ae-8637-4a30a319bd4c,payton.forex,available,10.92,85.82,medium,low,6,dynadot,,,30/09/2026 07:49
bb8d56bb-4dee-4033-839d-2382682004fa,inspected.forex,available,13.5,,medium,low,9,unstoppable,,,01/10/2026 16:29
06ef2d24-a93a-41f0-828a-88b405c567ee,diner.forex,available,13.5,,high,low,5,unstoppable,,,29/09/2026 05:07
d491ef84-1136-42e0-8923-00f7085f0c62,gainesville.forex,available,11.98,133.98,medium,low,11,namecheap,,,27/09/2026 07:47
c30a1a55-f730-4439-aade-098c1404947f,recognizing.forex,available,13.5,,medium,low,11,unstoppable,,,30/09/2026 23:30
0f6d4431-0aac-4ee4-a1a3-ca64c7e54e8b,spies.forex,available,10.55,83,medium,low,5,spaceship,,,28/09/2026 12:49
98de242e-7751-4981-803b-f07fec6ef1ea,kennedy.forex,available,11.98,133.98,high,low,7,namecheap,,,25/09/2026 23:14
55aa0dbc-b0a0-4592-b1a1-3f405d3341d5,herewith.forex,available,11.98,133.98,medium,low,8,namecheap,,,15/09/2026 00:27
e0781888-9f61-4acb-b92f-14fbabc4e186,lords.forex,available,10.92,85.82,medium,low,5,dynadot,,,28/09/2026 16:19
c07a1772-dfa0-4884-8ec6-b7a813ac993f,arti.forex,available,10.55,83,high,low,4,spaceship,,,02/10/2026 01:43
a10b1297-cace-44b4-83d9-53f057291444,thomas.forex,available,11.98,133.98,high,medium,6,namecheap,,,25/09/2026 04:57
1828bdb0-ceab-4934-afd1-43dcb43baf7e,heroically.forex,available,11.98,133.98,high,low,10,namecheap,,,15/09/2026 00:39
5c08197b-d612-46b9-a030-0436e99eb730,conjure.forex,available,13.5,,high,low,7,unstoppable,,,02/10/2026 14:30
da1e65b8-03a0-45a0-b70b-c7602592255f,wednesday.forex,available,11.98,133.98,high,low,9,namecheap,,,13/09/2026 09:32
ba3f2415-93f8-4795-a347-6dfe1c4d8b67,follicular.forex,available,11.98,133.98,medium,low,10,namecheap,,,18/08/2026 10:20
49d194d3-b946-410c-9443-bd3cbf55e691,harmonised.forex,available,11.98,133.98,high,low,10,namecheap,,,12/08/2026 22:52
ac4be358-10fc-4441-93eb-aa4007aaa790,segmental.forex,available,11.98,133.98,medium,low,9,namecheap,,,24/08/2026 21:41
6a547b61-ba2c-4808-b676-dc26dcd93bc1,catkin.forex,available,11.98,133.98,medium,low,6,namecheap,,,18/09/2026 18:54
46444b1a-6745-4a89-9b4a-a666df25f1f5,bmdo.forex,available,11.98,133.98,medium,low,4,namecheap,,,21/09/2026 22:57
5eb1df40-3431-457e-9ca3-793181ee9238,preparing.forex,available,11.98,133.98,high,low,9,namecheap,,,27/09/2026 06:40
8cbef651-45f2-45bf-9f79-69195399b723,tatty.forex,available,11.98,133.98,medium,low,5,namecheap,,,18/08/2026 06:42
b535de12-3b35-4b6e-8e80-812b360ab896,suggestion.forex,available,11.98,133.98,high,low,10,namecheap,,,25/09/2026 07:41
70d8f71c-b8a4-49db-805f-498d6fc44266,looming.forex,available,10.55,83,medium,low,7,spaceship,,,03/10/2026 03:25
2bece942-dd49-4de1-a81d-77ce4c98371a,bricole.forex,available,11.98,133.98,medium,low,7,namecheap,,,20/09/2026 00:36
0f438166-78ff-439f-bc65-ebba69e61b7c,fluorine.forex,available,11.98,133.98,medium,low,8,namecheap,,,21/09/2026 00:03
181324a9-64ba-40af-820d-3ee874f5d645,blackmailing.forex,available,80.2,80.2,medium,low,12,cloudflare,,,01/10/2026 23:58
659af6e4-bc79-4aad-869c-210f198b7651,linguist.forex,available,11.98,133.98,high,low,8,namecheap,,,08/09/2026 23:18
01d20c0f-5002-409a-b580-cc3e974daeb9,transforms.forex,available,10.55,83,medium,low,10,spaceship,,,02/10/2026 13:13
43626e05-4058-47c4-ab35-6e76ac4271f5,ich.forex,available,10.55,83,high,low,3,spaceship,,,01/10/2026 23:48
874597af-7fce-4ce5-9fef-5a55c19d376d,braga.forex,available,10.92,85.82,high,low,5,dynadot,,,30/09/2026 08:48
aa0828d9-8a77-494b-a09e-4714b0f2e0ec,resulted.forex,available,11.98,133.98,medium,low,8,namecheap,,,19/09/2026 00:26
51d2daa6-304c-4630-87f0-9e99aa3bf456,actuate.forex,available,11.98,133.98,high,low,7,namecheap,,,09/09/2026 03:15
81b52afa-2886-4237-ae87-e7bc85f1f7da,hiding.forex,available,11.98,133.98,high,low,6,namecheap,,,08/09/2026 11:45
8cb6abfb-015f-4168-9d71-267e0bd4e9e6,perpetual.forex,available,11.98,133.98,high,low,9,namecheap,,,
7a945555-b60e-4282-ae49-62cc9a5a2eea,pond.forex,available,10.55,83,high,low,4,spaceship,,,27/09/2026 15:18
87b78fc7-64e7-471f-9342-fd68b63629cb,eugenie.forex,available,10.55,83,medium,low,7,spaceship,,,02/10/2026 00:21
c1197c5a-b849-486d-bae7-b6d724798f5b,aneuploid.forex,available,11.98,133.98,medium,low,9,namecheap,,,
e78cedaa-2bd9-4b49-a2f2-2ab38375f280,federalists.forex,available,80.2,80.2,medium,low,11,cloudflare,,,29/09/2026 11:41
641343c5-22ed-4f34-8479-a20a48de0ae5,ourselves.forex,available,11.98,133.98,medium,low,9,namecheap,,,27/09/2026 08:55
856bf87a-43c8-4f01-9f51-37e9256726c9,satyrical.forex,available,11.98,133.98,medium,low,9,namecheap,,,09/09/2026 21:57
3158ee2b-6d46-4875-9ff6-176c045e31f5,conclusions.forex,available,10.55,83,medium,low,11,spaceship,,,28/09/2026 08:35
9bed8c1d-e2c3-4e5c-a16c-00e518571256,mahmoud.forex,available,13.5,,medium,low,7,unstoppable,,,29/09/2026 04:11
60a7cdb5-d688-4b37-9f10-91d04180eee9,benzocaine.forex,available,11.98,133.98,medium,low,10,namecheap,,,23/09/2026 08:58
fb562977-c8b8-4797-9027-b826b0bdff70,israelite.forex,available,13.5,,medium,low,9,unstoppable,,,29/09/2026 01:21
cb387a2a-1c4d-466f-9dc3-857a1f697646,census.forex,available,11.98,133.98,high,low,6,namecheap,,,24/09/2026 13:32
8a3e91f8-4699-42cf-9058-43e5c2f5b113,horary.forex,available,11.98,133.98,medium,low,6,namecheap,,,21/08/2026 13:58
021441e2-c339-4aab-9920-0840f76f8f80,autonomous.forex,available,11.98,133.98,high,medium,10,namecheap,,,22/09/2026 14:12
94e41be8-fd5f-4543-a6d4-4f9131fdb6be,castellano.forex,available,10.55,83,medium,low,10,spaceship,,,01/10/2026 02:19
2732139d-bee9-43c2-bb59-63b72bf7d1cb,mls.forex,available,10.55,83,high,low,3,spaceship,,,28/09/2026 02:21
54ac9014-ebe1-4300-97cd-f9f8d7b08a3a,counters.forex,available,10.55,83,medium,low,8,spaceship,,,01/10/2026 17:08
3be0575b-032d-452b-9dd8-8096d54eb63b,sherman.forex,available,11.98,133.98,high,low,7,namecheap,,,25/09/2026 09:27
34f0e839-1e31-4482-8b48-6fc0528adc48,barra.forex,available,11.98,133.98,medium,low,5,namecheap,,,30/09/2026 19:26
ab7c02b2-d44e-49fe-a993-ef5b063d7d03,thuringia.forex,available,13.5,,medium,low,9,unstoppable,,,30/09/2026 03:01
da481160-f329-4802-b85d-31b796e3054e,apologizing.forex,available,10.55,83,low,low,11,spaceship,,,02/10/2026 22:41
6aa030be-0da5-466d-a972-c8cb725cbdcc,lothian.forex,available,10.92,85.82,medium,low,7,dynadot,,,30/09/2026 00:22
de910dc5-e998-4be5-998d-850151168905,poetry.forex,available,11.98,133.98,high,low,6,namecheap,,,25/09/2026 10:00
c183088c-fafa-4192-bff1-09dde80ce68c,yawn.forex,available,11.98,133.98,medium,low,4,namecheap,,,28/09/2026 11:12
15ef808c-3db3-464b-98f5-eb4c9053079e,indi.forex,available,80.2,80.2,medium,low,4,cloudflare,,,02/10/2026 02:15
bff70b5b-c37a-4ce6-987f-2a4b466d28c7,indelible.forex,available,11.98,133.98,high,low,9,namecheap,,,22/08/2026 02:37
a3a3ad60-a228-4ca3-886b-38a48a4064fd,snarl.forex,available,11.98,133.98,medium,low,5,namecheap,,,24/08/2026 16:56
eb5246bf-4a0a-4380-8830-2689a08844b4,awakened.forex,available,11.98,133.98,high,low,8,namecheap,,,22/09/2026 14:47
3db585e8-e8e8-403f-9a74-c87f8372a7c2,horowitz.forex,available,13.5,,medium,low,8,unstoppable,,,28/09/2026 10:06
102413fa-4079-485b-988f-fcdfc748f1ef,appreciation.forex,available,19.99,,high,low,12,name.com,,,
792b0851-0434-47e0-8688-ef534ebd1522,veteran.forex,available,10.55,83,high,low,7,spaceship,,,28/09/2026 10:15
f05b85ea-0506-458f-8611-9a9d06d73a71,selfless.forex,available,11.98,133.98,high,low,8,namecheap,,,22/09/2026 02:51
c355023d-8c80-4a37-829d-9b6cfadce574,ascot.forex,available,11.98,133.98,high,low,5,namecheap,,,20/09/2026 13:27
f1661cfe-91d7-4120-8a36-be8bf494212c,inhibition.forex,available,11.98,133.98,high,low,10,namecheap,,,01/10/2026 02:41
84a20ac7-2cec-4ca2-a1e5-50bbf6bcff6e,aural.forex,available,11.98,133.98,high,low,5,namecheap,,,22/09/2026 12:49
05e52e8c-4bff-43c9-8ac4-9790145b7b63,deflation.forex,available,10.92,85.82,high,low,9,dynadot,,,29/09/2026 13:36
36e6f47d-1560-4969-a0d6-09775219ff1d,pawpaw.forex,available,11.98,133.98,medium,low,6,namecheap,,,20/09/2026 14:11
4abbe269-984f-43ea-8181-f382254abf39,optimal.forex,available,11.98,133.98,high,low,7,namecheap,,,04/09/2026 17:01
2a896ba7-839f-4b52-8b6c-594c48f88c51,anglicans.forex,available,13.5,,medium,low,9,unstoppable,,,01/10/2026 17:55
468c42df-7731-468e-a124-35915f111576,pottery.forex,available,10.81,82.9,high,low,7,porkbun,,,29/09/2026 06:22
df691389-5a43-43ca-8e8f-e385f4218d1e,lancelot.forex,available,10.55,83,high,low,8,spaceship,,,30/09/2026 17:50
8f91963f-3fc9-4603-a181-d8cc8d31294c,uncomfortably.forex,available,10.92,85.82,medium,low,13,dynadot,,,01/10/2026 19:39
0e877c20-8d7e-43cf-be10-96ce8c2586fb,fabric.forex,available,10.55,83,high,low,6,spaceship,,,01/10/2026 21:18
5b42ad24-9019-42d2-abfd-32ed406479f4,number.forex,available,11.98,133.98,high,low,6,namecheap,,,25/09/2026 23:29
5b46f49d-60ab-479a-b288-691483bdb694,biochemist.forex,available,11.98,133.98,high,low,10,namecheap,,,23/09/2026 17:44
b6fa60a7-eefd-4a55-be2d-df731cd29bd4,hugely.forex,available,11.98,133.98,medium,low,6,namecheap,,,14/09/2026 15:49
30307385-8675-482b-bbc8-a3bbd7621411,install.forex,available,80.2,80.2,high,low,7,cloudflare,,,30/09/2026 20:22
cf487a2c-6959-4629-b84f-59f1467d6665,mirrors.forex,available,80.2,80.2,medium,low,7,cloudflare,,,28/09/2026 12:55
b9e985a8-2b69-4f0d-bac4-7bb243281751,macgregor.forex,available,10.55,83,medium,low,9,spaceship,,,28/09/2026 19:47
f572f870-1840-44c6-baf3-6c4cc82501d9,tap.forex,available,19.99,129.99,high,medium,3,name.com,,,27/09/2026 03:03
73f64f53-6fbd-48b1-a853-906925464a73,tartar.forex,available,10.55,83,medium,low,6,spaceship,,,02/10/2026 14:47
a6780da0-506b-4e6b-9a6c-37f4b0a7565b,aweigh.forex,available,11.98,133.98,low,low,6,namecheap,,,07/08/2026 14:29
fee0a26a-d4e6-4cb1-835f-1014e4b02c66,tipperary.forex,available,80.2,80.2,medium,low,9,cloudflare,,,29/09/2026 09:36
0d0693e2-933a-42e0-8413-5cb68dad5a9c,cypriot.forex,available,19.99,129.99,medium,low,7,name.com,,,13/08/2026 14:08
59dc7a94-96ea-471d-aa47-0ff211aa0b2b,riddle.forex,available,19.99,129.99,high,low,6,name.com,,,24/09/2026 08:02
1b9bec92-f2b2-4574-b985-5710a0fce37f,hhs.forex,available,10.92,85.82,high,low,3,dynadot,,,29/09/2026 12:02
0ba9eba1-1f16-49a9-a152-a674856979a3,alexey.forex,available,10.55,83,high,low,6,spaceship,,,02/10/2026 21:00
4c19e110-a613-4c7d-ab00-c8c00a66e081,alula.forex,available,11.98,133.98,high,low,5,namecheap,,,18/09/2026 15:04
be2cf6cc-7b94-4801-a78b-ec80d7ec0817,texting.forex,available,11.98,133.98,high,low,7,namecheap,,,17/09/2026 10:22
8f907603-a5cf-4c3b-893b-8d56e60b00d1,kong.forex,available,11.98,133.98,high,low,4,namecheap,,,25/09/2026 12:08
bed23394-8d9d-4807-baee-4798fc8214d5,habitable.forex,available,11.98,133.98,high,low,9,namecheap,,,20/08/2026 21:25
8dd051ce-442c-4f9f-8f4a-4b978786d2c6,literal.forex,available,11.98,133.98,high,low,7,namecheap,,,25/09/2026 13:58
c1820cec-efed-4b33-bb91-89b51c091531,symmetrical.forex,available,11.98,133.98,high,low,11,namecheap,,,30/09/2026 03:46
a2310ace-a803-470f-a779-f592bf68cb73,petitions.forex,available,13.5,,medium,low,9,unstoppable,,,02/10/2026 13:44
2cbff06b-70e6-4317-b09c-3c5af073f732,dso.forex,available,80.2,80.2,medium,low,3,cloudflare,,,02/10/2026 17:53
4e936253-8bed-4b27-9473-6c14ee4deab7,aigrette.forex,available,19.99,129.99,medium,low,8,name.com,,,17/09/2026 20:55
da68d8a9-0289-4b68-b440-228ac45237fd,sna.forex,available,13.5,,high,low,3,unstoppable,,,02/10/2026 19:04
fe65b3b3-492c-4780-953a-72397eacf78c,curse.forex,available,11.98,133.98,high,low,5,namecheap,,,24/09/2026 04:27
46c088d7-8c06-41f7-a485-e7d2e3ea5850,overhasty.forex,available,11.98,133.98,medium,low,9,namecheap,,,04/09/2026 20:44
5d434401-96c4-4e89-add0-c5677fc8d96f,batavia.forex,available,10.55,83,high,low,7,spaceship,,,27/09/2026 18:11
7e65e61a-1e44-4113-bbc1-6be57be1a2c8,unblushing.forex,available,11.98,133.98,medium,low,10,namecheap,,,10/09/2026 05:55
e4a41bff-dd4a-496f-80e4-d8dc8616d424,scripted.forex,available,10.55,83,high,low,8,spaceship,,,27/09/2026 18:42
47e58aaa-6158-4de6-bc4d-6991676a3de5,districts.forex,available,10.81,82.9,medium,low,9,porkbun,,,01/10/2026 16:30
effd0a8c-610a-4aba-87bd-a4119c37c72d,raisin.forex,available,10.55,83,high,low,6,spaceship,,,01/10/2026 21:26
ff033fa8-59d2-48ae-ba22-62c4ac2ee751,vigilant.forex,available,11.98,133.98,high,low,8,namecheap,,,04/09/2026 16:01
2f7b9c18-9b3d-485a-8fd6-35893690d233,delaware.forex,available,80.2,80.2,high,low,8,cloudflare,,,29/09/2026 06:32
d8b59758-1c19-4cd1-a1bd-26a28981c5e2,wick.forex,available,11.98,133.98,high,low,4,namecheap,,,29/09/2026 14:07
624e09bf-11c8-4e45-a442-870765356e0d,gratifying.forex,available,11.98,133.98,high,low,10,namecheap,,,17/08/2026 09:19
b3d6e7e1-0a8c-44b7-98ca-c4711ed68303,assassinate.forex,available,10.55,83,medium,low,11,spaceship,,,30/09/2026 19:24
f0eba92c-4d01-4927-9aee-79761c5db3e4,towed.forex,available,19.99,,medium,low,5,name.com,,,
9738d9db-22ba-424f-bf4f-c8489f650655,unchecked.forex,available,11.98,133.98,medium,low,9,namecheap,,,12/09/2026 04:32
9d9b6e5a-f57c-4603-9e3c-e4a690d31fe6,rationalism.forex,available,80.2,80.2,high,low,11,cloudflare,,,30/09/2026 05:54
14afa2c7-fdb8-477c-ad65-202b2ec5fc4d,vocal.forex,available,11.98,133.98,high,low,5,namecheap,,,26/09/2026 03:23
7e51de5e-ce2c-48a6-a623-18ca67ebe912,praiseful.forex,available,11.98,133.98,medium,low,9,namecheap,,,22/08/2026 20:51
af502104-efb0-4d7b-b5be-31ea9f3a5e93,connections.forex,available,80.2,80.2,high,low,11,cloudflare,,,27/09/2026 23:11
44cf6d15-bff8-4345-89ac-301ae8df87e5,blancmange.forex,available,11.98,133.98,medium,low,10,namecheap,,,24/09/2026 03:51
267bdef9-5d20-4a1d-bbd8-6054eeb18365,barmaid.forex,available,11.98,133.98,high,low,7,namecheap,,,22/09/2026 06:36
57711de6-6c8f-4631-b49e-f16507b1a50c,mosquitos.forex,available,11.98,133.98,low,low,9,namecheap,,,18/09/2026 14:26
9c11f0d5-8ded-4f28-938a-dbc090cd323e,mutualist.forex,available,11.98,133.98,medium,low,9,namecheap,,,22/08/2026 07:59
a8df64e1-1a5d-4006-9824-6a4ebe2de870,aspiring.forex,available,10.55,83,high,low,8,spaceship,,,30/09/2026 11:46
4e11d4ea-1e27-490f-b064-56176ec61540,bermudas.forex,available,11.98,133.98,medium,low,8,namecheap,,,23/09/2026 09:44
5320ad51-d25f-444d-80a2-bd0d3048dad6,skagit.forex,available,80.2,80.2,medium,low,6,cloudflare,,,02/10/2026 16:49
72877cdc-9e2c-4deb-ac69-03574e1558ba,hanging.forex,available,11.98,133.98,medium,low,7,namecheap,,,25/09/2026 04:41
96573413-eac4-4f2d-b939-6d625e7f9484,riot.forex,available,11.98,133.98,high,low,4,namecheap,,,24/09/2026 13:04
8ade8d71-69d6-4531-9311-cfb98bae1f85,shepard.forex,available,11.98,133.98,high,low,7,namecheap,,,18/09/2026 01:40
606522a8-91a2-4541-a96b-cca47fc69384,visitors.forex,available,11.98,133.98,high,low,8,namecheap,,,18/09/2026 16:57
e654f076-9879-4432-95fd-34cec85ae82d,tort.forex,available,11.98,133.98,medium,low,4,namecheap,,,24/09/2026 15:10
88ceb7f2-b143-4e14-b48d-1afcabc61c7c,relish.forex,available,10.92,85.82,high,low,6,dynadot,,,29/09/2026 21:47
34976387-19fd-42f9-8d2e-2db7356b25ab,endogamous.forex,available,11.98,133.98,medium,low,10,namecheap,,,17/08/2026 01:10
6a69be46-4b3f-4c15-ac0a-d0650467e0de,aureole.forex,available,11.98,133.98,high,low,7,namecheap,,,21/09/2026 04:18
c31c1102-977a-4dbd-9690-1a87c2f47dbb,vaughn.forex,available,11.98,133.98,high,low,6,namecheap,,,27/09/2026 11:16
1f2ccf9a-b23c-40bf-ad94-1f069f8b9bf8,nasally.forex,available,11.98,133.98,medium,low,7,namecheap,,,15/09/2026 16:10
08ea2f11-7f67-4dc0-80ce-63db87b60619,berk.forex,available,11.98,133.98,medium,low,4,namecheap,,,23/09/2026 09:31
33b2f6be-3fcd-423b-9f67-baa8973bca71,vinton.forex,available,10.81,82.9,medium,low,6,porkbun,,,30/09/2026 21:54
c9f3c13a-d1cf-4865-81bd-ea4518443538,cited.forex,available,10.55,83,high,low,5,spaceship,,,30/09/2026 19:27
0db5e0b2-5e04-4312-9392-44f5ce62657c,coalescent.forex,available,11.98,133.98,medium,low,10,namecheap,,,12/08/2026 13:51
240923a2-f9a1-484a-b751-30167dc994cd,privacy.forex,available,19.99,129.99,high,medium,7,name.com,,,24/09/2026 17:03
1daecbe2-4868-4b0d-9272-6e64fe82d734,blase.forex,available,11.98,133.98,medium,low,5,namecheap,,,10/08/2026 13:19
4afbb119-2fce-4f63-bc0b-1a4ea3a28a49,cozily.forex,available,11.98,133.98,medium,low,6,namecheap,,,14/09/2026 08:48
a9ae3f10-9a4f-489b-b507-7e127b313f90,ses.forex,available,13.5,,high,low,3,unstoppable,,,28/09/2026 12:11
2d06ac6e-6426-459f-82cb-fd1d00c0e86e,velar.forex,available,11.98,133.98,medium,low,5,namecheap,,,13/09/2026 01:59
b9d9b0e8-521f-40e6-8889-3256c8df2789,lingering.forex,available,10.81,82.9,medium,low,9,porkbun,,,30/09/2026 10:28
011bc73e-e457-4e47-ab6f-3696d864f1c3,nucleate.forex,available,11.98,133.98,medium,low,8,namecheap,,,03/09/2026 22:24
42438c87-01bb-4ea4-a34f-7142561bb639,conn.forex,available,80.2,80.2,high,low,4,cloudflare,,,29/09/2026 14:12
f98e4857-6d42-4f71-a61a-04010aba757a,pathless.forex,available,11.98,133.98,medium,low,8,namecheap,,,08/09/2026 10:25
872d4215-6fa2-48bd-b279-0b76b665836e,worth.forex,available,10.55,83,high,low,5,spaceship,,,28/09/2026 11:03
babbbfa9-fe2c-464b-9389-e1912ccfb093,jacobus.forex,available,13.5,,high,low,7,unstoppable,,,30/09/2026 03:48
d14ed9a8-fac9-45e1-acde-0831d9522187,pronounced.forex,available,11.98,133.98,high,low,10,namecheap,,,25/09/2026 16:53
ffa70823-5eaf-4bba-90a6-d9ae1616ea97,exploited.forex,available,11.98,133.98,medium,low,9,namecheap,,,08/09/2026 15:46
2049d6cb-183f-4e22-b217-33000225530b,client.forex,available,11.98,133.98,high,low,6,namecheap,,,19/09/2026 04:09
664e2f69-60b1-4240-b4b9-650e9ddf5efd,gregorio.forex,available,13.5,,high,low,8,unstoppable,,,02/10/2026 13:29
be4b9ba4-3bb5-429e-a980-eeb899d2f1df,asur.forex,available,11.98,133.98,medium,low,4,namecheap,,,20/09/2026 16:43
fc5effd9-8d81-4842-9c39-45933313e8b6,herbie.forex,available,10.81,82.9,medium,low,6,porkbun,,,30/09/2026 21:29
10a5bfc1-464c-4d79-b321-957b948ad31a,forages.forex,available,10.55,83,low,low,7,spaceship,,,02/10/2026 13:27
2967f2df-ca02-40c0-a842-5e27948515e9,windflower.forex,available,11.98,133.98,high,low,10,namecheap,,,19/09/2026 05:19
5df6658a-6d0d-4e9e-8102-6757397e724b,arcadic.forex,available,,,medium,low,7,,,,20/09/2026 01:36
5621464f-c989-4b10-b788-e20f6799d8dc,carlos.forex,available,11.98,133.98,high,low,6,namecheap,,,19/09/2026 04:37
9445c344-db2c-4560-892d-244123d766bd,hou.forex,available,80.2,80.2,high,low,3,cloudflare,,,29/09/2026 10:03
160bf2f5-5321-45dc-b736-a5bd6d10e1b6,fatty.forex,available,11.98,133.98,high,low,5,namecheap,,,17/08/2026 23:52
a8c7f6d5-ef6b-4699-b028-f73192d729b7,cimarron.forex,available,11.98,133.98,high,low,8,namecheap,,,23/09/2026 15:12
76b83042-b51a-49ab-bcbb-4a8f67700c7c,sells.forex,available,13.5,,high,low,5,unstoppable,,,28/09/2026 03:41
20a8ae1e-c912-4b61-8954-4821875dfba9,frontward.forex,available,11.98,133.98,medium,low,9,namecheap,,,18/08/2026 12:50
67870def-a97b-47d3-89fb-a1aab3da04a0,khorasan.forex,available,80.2,80.2,medium,low,8,cloudflare,,,30/09/2026 21:55
69b9bd15-1bf2-4943-9da9-191fa1eef13d,resumes.forex,available,13.5,,medium,low,7,unstoppable,,,02/10/2026 03:34
a8fd393d-90af-41f9-b4bd-a4bcf8f2ea96,prologue.forex,available,10.81,82.9,high,low,8,porkbun,,,01/10/2026 03:22
1e98b533-f3ad-424c-a604-3fdbcee9993d,erected.forex,available,10.55,83,medium,low,7,spaceship,,,01/10/2026 22:38
4b789f0a-b9cf-41cf-9dbe-f8ebdfb6c33c,walks.forex,available,11.98,133.98,medium,low,5,namecheap,,,25/09/2026 16:37
7d1660c1-3464-467b-9413-02b53fdbf600,busch.forex,available,11.98,133.98,high,low,5,namecheap,,,27/09/2026 03:12
a98d4db9-3472-4671-b171-fa4a64d70846,formulaic.forex,available,11.98,133.98,medium,low,9,namecheap,,,18/08/2026 12:18
52ca268b-a3b1-474b-a473-b10ceb984083,baskets.forex,available,10.55,83,medium,low,7,spaceship,,,30/09/2026 07:05
6e7b7d69-960d-41bb-99cd-edac89a1f113,sudden.forex,available,13.5,,high,low,6,unstoppable,,,28/09/2026 01:51
5df97c8f-20a9-43e8-8060-b34d9984b285,prototypes.forex,available,80.2,80.2,medium,low,10,cloudflare,,,30/09/2026 23:24
483e54ec-986f-4a5e-893a-cf2fd91b9927,autarchic.forex,available,11.98,133.98,medium,low,9,namecheap,,,07/08/2026 18:36
723308e9-e8c1-4bd1-91ee-cfc0ee5a2d2a,stitches.forex,available,19.99,,medium,low,8,name.com,,,
895716bb-45d3-410b-86d2-759c4be018c7,prosperity.forex,available,10.81,82.9,high,low,10,porkbun,,,29/09/2026 01:54
ef01b300-af34-45a1-b00e-f36502bc7bed,stoker.forex,available,11.98,133.98,medium,low,6,namecheap,,,16/09/2026 16:53
769825f3-0051-462a-9a0f-e1ba3b5f0df3,disgrace.forex,available,13.5,,high,low,8,unstoppable,,,29/09/2026 15:44
438a1794-1a73-434d-9465-fe3082e490b0,monestrous.forex,available,11.98,133.98,low,low,10,namecheap,,,25/08/2026 04:32
63a36426-8bd6-4681-97fd-42a1118d9815,atrial.forex,available,11.98,133.98,medium,low,6,namecheap,,,07/08/2026 14:24
68041339-3c0b-493b-9654-3ce9d457f04b,prospering.forex,available,11.98,133.98,medium,low,10,namecheap,,,10/08/2026 19:17
95e61fb5-2b7d-4ef3-bbd5-d1a605225ea0,classmate.forex,available,13.5,,high,low,9,unstoppable,,,29/09/2026 11:55
b2717ca9-e62a-408e-8118-935454aa497f,stunner.forex,available,11.98,133.98,high,low,7,namecheap,,,22/08/2026 16:40
db7dc749-2a61-43dd-a072-f34d68b6ad98,faithless.forex,available,11.98,133.98,medium,low,9,namecheap,,,17/08/2026 21:14
666e1a27-652a-49dd-9bec-a382833d8436,inmost.forex,available,11.98,133.98,medium,low,6,namecheap,,,22/08/2026 05:51
433a7c56-cf76-48c8-8a6c-bff792356a2f,manages.forex,available,10.55,83,medium,low,7,spaceship,,,01/10/2026 21:33
101516b3-2d4c-4a67-bb6f-55e9853469c5,drumhead.forex,available,11.98,133.98,medium,low,8,namecheap,,,14/08/2026 20:15
b82ffb8b-422c-4713-b5fd-9c37f886bf0d,registers.forex,available,10.55,83,low,low,9,spaceship,,,01/10/2026 00:08
4c951565-7277-4d9d-8285-ff7d5b3e45fb,baluchi.forex,available,11.98,133.98,medium,low,7,namecheap,,,21/09/2026 23:42
a6871e24-356f-4d3c-a77b-d0bf8f30fba9,rarefied.forex,available,11.98,133.98,medium,low,8,namecheap,,,17/08/2026 15:44
ea018548-3762-4380-b809-bcebb5688d41,jeanette.forex,available,13.5,,high,low,8,unstoppable,,,29/09/2026 09:37
b1942209-b070-4d18-967a-4e103f981e71,consumer.forex,available,80.2,80.2,high,low,8,cloudflare,,,29/09/2026 11:19
fb277b4e-f73d-4f49-b685-2004bd7ab370,straining.forex,available,11.98,133.98,medium,low,9,namecheap,,,10/09/2026 21:43
c01093e0-e9ac-45c1-86d1-f7dac8464187,yosef.forex,available,13.5,,medium,low,5,unstoppable,,,30/09/2026 22:02
d0094162-4d52-43e2-b702-51700adf1908,ruttish.forex,available,11.98,133.98,medium,low,7,namecheap,,,21/08/2026 14:10
800d85d1-dedd-46d8-8acc-7405fe221570,disloyalty.forex,available,11.98,133.98,medium,low,10,namecheap,,,24/09/2026 22:47
cc10fe35-704b-44c1-9d4a-c3fdd9c61ccc,excited.forex,available,11.98,133.98,high,low,7,namecheap,,,24/09/2026 15:55
0365941a-94eb-4693-b753-e7723047e8e8,galway.forex,available,10.55,83,high,low,6,spaceship,,,28/09/2026 09:51
b326f8fa-41a6-486f-a525-8215224cdbb2,salty.forex,available,11.98,133.98,high,low,5,namecheap,,,19/09/2026 11:13
8e1eb5a7-d437-4a29-b58f-2ec5be4cb52a,bakshish.forex,available,11.98,133.98,high,low,8,namecheap,,,21/09/2026 15:53
36be2346-6c7f-4900-83a4-04c7fd8c6598,supervisor.forex,available,13.5,,high,low,10,unstoppable,,,29/09/2026 18:27
85af3c1e-13b9-4755-8c32-5bf00e6b8fd4,mysticism.forex,available,10.55,83,medium,low,9,spaceship,,,03/10/2026 01:41
fb0efac6-7584-496d-a6ce-fc170f9bbcf1,pretzel.forex,available,80.2,80.2,high,low,7,cloudflare,,,30/09/2026 07:15
fa4c4bbe-fc9c-4ffc-a5af-ed8c16ac5d01,gallery.forex,available,11.98,133.98,high,low,7,namecheap,,,20/09/2026 09:55
e6e9919b-abc3-4b52-afce-6c994e7fc949,chaser.forex,available,10.92,85.82,high,low,6,dynadot,,,02/10/2026 23:58
e298f5f1-a2e3-45cd-ae1c-ef0b5ee4ed91,trine.forex,available,11.98,133.98,medium,low,5,namecheap,,,
05b7ce7d-6172-43ef-b9b2-2e5a73d1fb59,printed.forex,available,10.55,83,high,low,7,spaceship,,,27/09/2026 21:56
ec5ac50e-9f60-4ea5-aa10-d4e05386c30b,blackjack.forex,available,11.98,133.98,high,low,9,namecheap,,,24/09/2026 00:44
d3fb33a1-9401-4757-a560-4323d156fa94,autologous.forex,available,11.98,133.98,medium,low,10,namecheap,,,07/08/2026 20:37
7c8bed5a-ab7b-493c-9993-707aa980a60b,mystical.forex,available,11.98,133.98,high,low,8,namecheap,,,03/09/2026 12:24
9b9ab335-08fa-47aa-b005-fc1cc5163abc,incoming.forex,available,11.98,133.98,high,low,8,namecheap,,,22/08/2026 01:44
43422fae-30fb-4837-98c6-a8cca2f86f97,downed.forex,available,10.92,85.82,medium,low,6,dynadot,,,02/10/2026 03:42
a6d16e53-77ae-4348-8728-86b35aeb194f,evenhanded.forex,available,11.98,133.98,high,low,10,namecheap,,,17/08/2026 14:52
43bc6438-b5f5-4704-9c62-0c9f0b3e12c5,lambert.forex,available,13.5,,high,low,7,unstoppable,,,28/09/2026 13:45
43eaaadd-699e-4ae2-980e-ff024268c1b2,suture.forex,available,10.92,85.82,high,low,6,dynadot,,,03/10/2026 00:44
1f7d55b2-0275-449c-be76-4f4cf1591d83,gent.forex,available,80.2,80.2,medium,low,4,cloudflare,,,02/10/2026 14:23
74bfa79b-2e33-4d13-93f8-0eb474182673,selecting.forex,available,10.92,85.82,medium,low,9,dynadot,,,01/10/2026 16:17
42eb49c4-7fde-46d2-bc37-d16ac7506d1d,virtuous.forex,available,11.98,133.98,high,low,8,namecheap,,,13/09/2026 06:06
adad5bb8-4b54-41a7-9c81-510efe33120d,slyness.forex,available,11.98,133.98,medium,low,7,namecheap,,,13/08/2026 10:43
329badc5-178f-4903-a477-61b0b0692ce2,channel.forex,premium,1000.5,,high,low,7,unstoppable,,,29/09/2026 08:01
98224c4b-ebfe-4dd6-881f-d40c1bd53473,syncopated.forex,available,11.98,133.98,medium,low,10,namecheap,,,11/09/2026 06:19
385b74e1-178c-46ea-a764-fe54c3a406ca,efficient.forex,premium,5175.2,5175.2,high,low,9,spaceship,,,01/10/2026 07:29
575f84f1-ba9e-4f11-bcd4-0dbba986add9,reviving.forex,available,11.98,133.98,high,low,8,namecheap,,,09/09/2026 14:08
0288ca46-d2de-48a0-a09c-1fb6a202908e,savory.forex,available,11.98,133.98,high,low,6,namecheap,,,25/08/2026 08:48
56cb38a6-66a3-4a21-942a-25e754052ba9,telescopes.forex,available,10.55,83,medium,low,10,spaceship,,,02/10/2026 23:21
a63c8c47-c55e-4a38-bc75-dfb82800ed79,resign.forex,available,10.55,83,medium,low,6,spaceship,,,30/09/2026 06:20
083d9571-38d0-46c4-8d8b-60733f8d42d5,slowpoke.forex,available,11.98,133.98,medium,low,8,namecheap,,,10/09/2026 20:25
33d4ffd2-4392-4f30-8707-d67710d8335c,transformers.forex,available,80.2,80.2,high,low,12,cloudflare,,,02/10/2026 12:20
1fbd0285-659c-4b2f-8a78-56a6a2d7233e,tea.forex,available,10.55,83,high,medium,3,spaceship,,,02/10/2026 05:03
c5a31e84-db9e-4021-8a7d-873f1a20317f,artificially.forex,available,11.98,133.98,medium,low,12,namecheap,,,30/09/2026 12:09
4504f01f-20ce-4a98-8afb-6ecf2395fbbb,deviate.forex,available,11.98,133.98,high,low,7,namecheap,,,
1f90f3dc-2e36-45e8-acf7-2ca43a1ab860,caused.forex,available,11.98,133.98,medium,low,6,namecheap,,,25/09/2026 18:57
1fbd09be-8a2d-4cf3-8fb3-3715277d5f52,humiliation.forex,available,10.55,83,medium,low,11,spaceship,,,28/09/2026 12:26
0c550bfd-72d2-4cbf-b703-6b4a531337cb,galilean.forex,available,11.98,133.98,medium,low,8,namecheap,,,18/08/2026 19:37
f9adadbd-42c9-47c6-972c-9268ae3579b2,trafficking.forex,available,80.2,80.2,high,low,11,cloudflare,,,30/09/2026 12:20
941ab249-def1-4ba1-b674-c70144ebcdd1,divided.forex,available,11.98,133.98,medium,low,7,namecheap,,,14/08/2026 13:42
704c47c3-eb68-4be0-b31d-1f0212330771,fraud.forex,available,11.98,133.98,high,low,5,namecheap,,,27/09/2026 07:55
dde1d364-ae9e-42d7-a70a-60dfc2e4e93c,proceed.forex,available,10.55,83,high,low,7,spaceship,,,30/09/2026 17:54
2da4a338-22a4-412b-9b06-b20908c8d563,aeriform.forex,available,11.98,133.98,medium,low,8,namecheap,,,
bb10d89f-7639-463c-8177-4a2ffae4cda3,vicar.forex,available,80.2,80.2,high,low,5,cloudflare,,,02/10/2026 17:05
674e90af-2fab-4999-98fe-0a78a9701a9e,miao.forex,available,11.98,133.98,high,low,4,namecheap,,,21/08/2026 10:03
03b5c310-ae07-4822-807a-e181ac83ed1f,fundraising.forex,available,80.2,80.2,high,low,11,cloudflare,,,02/10/2026 01:51
780fb26f-f5a3-4833-a35e-f9420e178915,waited.forex,available,11.98,133.98,medium,low,6,namecheap,,,18/09/2026 01:45
368a2beb-53ab-4cb2-b5f0-575c27819e04,combo.forex,available,80.2,80.2,high,low,5,cloudflare,,,30/09/2026 09:14
03df33cb-f8bc-43bf-b75c-2fed6fe84f31,ipcc.forex,available,10.55,83,high,low,4,spaceship,,,01/10/2026 10:49
8d847ca7-9358-461d-aff6-54b46d95a675,rodents.forex,available,80.2,80.2,low,low,7,cloudflare,,,30/09/2026 15:36
2b1f631f-4eaa-449a-8420-42759dc4fb20,arrowroot.forex,available,11.98,133.98,medium,low,9,namecheap,,,17/09/2026 00:43
9ecda4aa-0997-4243-a438-7e54857cb69c,freely.forex,available,10.55,83,high,low,6,spaceship,,,28/09/2026 14:56
b9f7b68f-83a5-47d2-9452-08cad3058909,arrests.forex,available,11.98,133.98,medium,low,7,namecheap,,,20/09/2026 19:12
4db72841-12f1-48a0-9c58-597b41d74380,mandalay.forex,available,13.5,,high,low,8,unstoppable,,,01/10/2026 02:58
243a1da7-eb8e-4b76-b65b-3e4b282b5b13,westwood.forex,available,19.99,,high,low,8,name.com,,,
d36c03fc-711c-4fd9-92cd-e8f5136a01a7,metre.forex,available,11.98,133.98,high,low,5,namecheap,,,25/09/2026 15:57
367e4162-e0cf-4cfa-a0a3-7480c432b2e3,urged.forex,available,11.98,133.98,medium,low,5,namecheap,,,19/09/2026 03:59
c071696e-dfe4-4360-9c85-f3ac5fabd6fc,ruse.forex,available,11.98,133.98,medium,low,4,namecheap,,,20/09/2026 11:33
1ee8b33a-c117-496a-b63c-076441eed9a5,eighteenth.forex,available,11.98,133.98,high,low,10,namecheap,,,
a0170d35-5c8b-42ff-8a31-2123af660f64,save.forex,premium,5175.2,5175.2,high,low,4,spaceship,,,28/09/2026 00:11
72599b71-8e39-45c5-bcd1-5507c009348b,toitoi.forex,available,11.98,133.98,medium,low,6,namecheap,,,20/09/2026 12:23
002c70e4-af3d-4396-abd8-c8b581bb6ea7,djiboutian.forex,available,11.98,133.98,medium,low,10,namecheap,,,14/08/2026 14:08
2f118fb1-be72-446f-9ea0-ed3f75d04714,physiology.forex,available,13.5,,high,low,10,unstoppable,,,29/09/2026 19:59
07385406-a5bd-46d7-ad03-353939ea52c7,aide.forex,available,11.98,133.98,high,low,4,namecheap,,,22/09/2026 14:20
a94eb303-42b5-4703-9005-f6314c10b34d,pack.forex,available,11.98,133.98,high,low,4,namecheap,,,23/09/2026 16:28
e0437a10-6924-4bd6-a2fb-a449cd9bf8d7,anyone.forex,available,80.2,80.2,high,low,6,cloudflare,,,01/10/2026 00:39
6a195b7e-811b-4800-9334-948afe841b50,modish.forex,available,11.98,133.98,high,low,6,namecheap,,,
93773070-b3d9-4e31-9be8-c8d9c07ef62f,cement.forex,available,10.55,83,high,low,6,spaceship,,,29/09/2026 07:46
ae3e9a65-84d0-4b44-b172-c059a97cc5d0,flawlessly.forex,available,11.98,133.98,medium,low,10,namecheap,,,12/08/2026 10:23
febfdc36-b1b5-465e-aef2-1641e2b30efa,perceval.forex,available,10.81,82.9,medium,low,8,porkbun,,,03/10/2026 03:56
6b65c607-7aa5-404a-9c9d-b4f8e8a650d4,instructor.forex,available,10.55,83,high,low,10,spaceship,,,28/09/2026 02:10
d7ed230f-5e44-46b4-868b-f15d777d772f,hari.forex,available,10.55,83,high,low,4,spaceship,,,29/09/2026 09:52
27555bcb-ee45-45f6-ae63-b7720d7664a4,alabaster.forex,available,11.98,133.98,high,low,9,namecheap,,,
0fe2d251-27ba-4a2a-b2ce-7bd317c34d26,ballad.forex,available,11.98,133.98,high,low,6,namecheap,,,22/08/2026 21:27
ec4bfcc2-6e93-4547-98ae-713a69235db8,lenses.forex,available,10.55,83,medium,low,6,spaceship,,,29/09/2026 05:38
dcd1d1d5-04de-4923-8e74-4e2fa0e5ee08,sneezed.forex,available,11.98,133.98,low,low,7,namecheap,,,20/09/2026 15:10
c0dfff56-58d7-4d7b-836c-84b3b41466d2,closets.forex,available,11.98,133.98,medium,low,7,namecheap,,,20/09/2026 19:05
0f547ab0-71a3-4b81-9fad-79e897aad6c7,bestiary.forex,available,11.98,133.98,medium,low,8,namecheap,,,23/09/2026 10:36
acde4a88-fb23-4f70-b12e-fbec6311590e,sor.forex,available,10.55,83,high,low,3,spaceship,,,29/09/2026 14:39
7265d917-6a16-42a2-933c-f6679a7a93fb,lager.forex,available,13.5,,high,low,5,unstoppable,,,30/09/2026 01:47
f0f11b45-0146-4105-b4e0-a5508cc9f878,credited.forex,available,13.5,,high,low,8,unstoppable,,,01/10/2026 06:00
37902a2a-2441-4990-90d5-500e969da82b,scented.forex,available,11.98,133.98,high,low,7,namecheap,,,27/09/2026 03:39
2fbbbf1a-ca5f-44c0-8bd0-5c635950a34c,amid.forex,available,10.55,83,high,low,4,spaceship,,,30/09/2026 11:35
3b10bdcb-b308-4f09-9dd2-21f0c2dbdcc1,peeved.forex,available,11.98,133.98,medium,low,6,namecheap,,,
9974bbda-babe-4f08-ac21-9c1ca452e5a2,anew.forex,available,11.98,133.98,high,low,4,namecheap,,,13/09/2026 18:03
8dbd6ff2-5e07-4967-bf00-5e537af0d27f,superior.forex,available,11.98,133.98,high,low,8,namecheap,,,21/08/2026 09:12
737d888c-636a-47a3-b0a6-72414c3bccb6,coppola.forex,available,10.92,85.82,medium,low,7,dynadot,,,30/09/2026 16:47
2152a259-cbdd-4b53-bee5-b75b89bc5207,reformed.forex,available,11.98,133.98,high,low,9,namecheap,,,09/09/2026 10:53
4618813e-ca91-439a-a29f-dfeed2236b80,ari.forex,available,10.55,83,high,medium,3,spaceship,,,28/09/2026 07:41
3fd8afe3-a5c9-47ea-870f-1cb89f685e12,monkish.forex,available,11.98,133.98,medium,low,7,namecheap,,,25/08/2026 04:53
038b5065-f16a-4bfe-a020-22e46ab7ea94,pharos.forex,available,11.98,133.98,high,low,6,namecheap,,,22/09/2026 19:15
af3a6e55-2517-4d4d-867c-ece8e20b5309,saif.forex,available,80.2,80.2,high,low,4,cloudflare,,,01/10/2026 23:18
efbfc989-aeaa-43b4-aeb0-b568831a79f0,conforming.forex,available,11.98,133.98,high,low,10,namecheap,,,12/08/2026 21:11
0ad31292-83a0-45f8-aa43-ae9af87137da,exonerated.forex,available,11.98,133.98,high,low,10,namecheap,,,
48741c0b-83d9-4b5b-be54-d0ea3444219f,student.forex,available,10.55,83,high,low,7,spaceship,,,29/09/2026 03:37
1b1a66f4-8d09-48f0-8a78-b0bc88b4fbdc,musicians.forex,available,10.81,82.9,medium,low,9,porkbun,,,28/09/2026 17:31
e8aced78-6bfa-4aa3-9df6-3a76ca50fd50,great.forex,premium,1300,1300,high,medium,5,namecheap,,,22/09/2026 16:53
9702dbc3-6bc1-4c30-9be2-40013519b448,awoke.forex,available,80.2,80.2,medium,low,5,cloudflare,,,30/09/2026 14:18
c4b1ce38-ccb9-4652-876f-25e1d0b45475,outpost.forex,available,80.2,80.2,high,low,7,cloudflare,,,30/09/2026 09:47
394f88fc-5240-472b-b64a-9c44e5f851cd,erotically.forex,available,11.98,133.98,medium,low,10,namecheap,,,14/09/2026 15:58
d21883f5-e3d8-4343-8203-713d78683093,recording.forex,available,10.92,85.82,high,low,9,dynadot,,,30/09/2026 09:21
c753c071-fff3-4a2e-b47d-064db0b10f78,isomers.forex,available,13.5,,medium,low,7,unstoppable,,,29/09/2026 11:02
179e7355-bf58-4856-a5a3-0533f41a9204,bonnily.forex,available,11.98,133.98,medium,low,7,namecheap,,,14/09/2026 01:04
49baad37-e6e6-4153-b674-f8d5038de66d,disturbed.forex,available,11.98,133.98,medium,low,9,namecheap,,,11/08/2026 01:48
49a9e247-ceff-497c-8929-25f168458293,naseby.forex,available,11.98,133.98,medium,low,6,namecheap,,,22/09/2026 15:31
2cd34a4d-fdd5-4e8c-abb8-3a93a0395160,manuscript.forex,available,10.55,83,medium,low,10,spaceship,,,28/09/2026 10:05
5311c0d3-d9da-4286-aae9-b4e65c4f8aab,airlines.forex,available,10.55,83,medium,low,8,spaceship,,,28/09/2026 17:53
6ddf76a1-5f41-4b6a-9dcc-836ae957ef0f,zymotic.forex,available,11.98,133.98,medium,low,7,namecheap,,,13/09/2026 15:57
9acd9670-0c5a-4e6d-bd53-b3e23b6eb7e4,acquisitions.forex,available,10.81,82.9,medium,low,12,porkbun,,,01/10/2026 18:34
d99c2c4f-a532-44dc-998c-755c5084ef49,anser.forex,available,11.98,133.98,medium,low,5,namecheap,,,19/09/2026 12:03
c7a3646d-3bf3-4b63-beb8-54a17a5970fe,abducted.forex,available,10.55,83,medium,low,8,spaceship,,,29/09/2026 05:02
24308f14-c4d2-4cb0-ba34-95c4de4cda6e,satanic.forex,available,11.98,133.98,medium,low,7,namecheap,,,24/09/2026 05:47
98a60fcc-c8c2-45f6-bdf5-04e308c2d67c,centered.forex,available,11.98,133.98,high,low,8,namecheap,,,12/08/2026 00:03
90c4e6b2-aa70-4987-af80-4084026bd102,podium.forex,available,11.98,133.98,high,low,6,namecheap,,,18/09/2026 17:13
3ee19e2e-db24-4d4e-8318-a89205f83994,elsewhere.forex,available,10.55,83,high,low,9,spaceship,,,28/09/2026 14:40
6dcd2bed-e515-4ac4-8b07-79d877f0e844,dla.forex,available,10.55,83,high,low,3,spaceship,,,01/10/2026 11:00
169928c6-1571-46f2-a40a-18e35634e6db,durant.forex,available,10.81,82.9,medium,low,6,porkbun,,,03/10/2026 00:31
149d1624-b7fd-40ff-a0c4-53844d33fb2e,spout.forex,available,80.2,80.2,high,low,5,cloudflare,,,03/10/2026 01:05
d1b5ff63-b47d-41e2-84ea-86915b0d5ad3,korean.forex,available,11.98,133.98,high,low,6,namecheap,,,22/08/2026 17:02
9107f4f0-4328-4ecb-914a-f598537fa3e2,bradford.forex,available,11.98,133.98,high,low,8,namecheap,,,25/09/2026 02:02
efd8104a-8a80-4a34-9e92-fd93ff13bed7,candidly.forex,available,11.98,133.98,high,low,8,namecheap,,,14/09/2026 05:06
c44d5cdc-22bf-45a9-a008-644d135eb034,razorback.forex,available,11.98,133.98,high,low,9,namecheap,,,09/09/2026 10:48
77d0ca89-03f0-4d51-8823-4c4019c30e8c,vitalizer.forex,available,11.98,133.98,medium,low,9,namecheap,,,19/09/2026 09:10
78d77f45-c4bc-4db2-b075-469559a52b59,figurative.forex,available,19.99,129.99,medium,low,10,name.com,,,19/09/2026 14:22
70a4509e-b3ff-4527-8a22-62401b33ce9d,cbr.forex,available,13.5,,high,low,3,unstoppable,,,02/10/2026 14:37
3a5651fc-3752-4b0f-8f55-f38551f6c6a6,artificial.forex,available,13.5,129.99,high,low,10,unstoppable,,,02/10/2026 01:38
f42e7e35-e8ca-4ae9-919c-e5c4658f5cec,ramjet.forex,available,11.98,133.98,medium,low,6,namecheap,,,20/09/2026 20:48
d8a24607-da3a-46f1-9e7f-bab17c2d43fe,turbid.forex,available,11.98,133.98,medium,low,6,namecheap,,,25/08/2026 01:10
e57b5992-1f9f-4700-af81-6169bab7c612,enured.forex,available,11.98,133.98,low,low,6,namecheap,,,17/08/2026 09:59
52125b20-d97f-4614-8f55-e32cabb6221b,prominence.forex,available,11.98,133.98,high,low,10,namecheap,,,24/09/2026 11:05
123c46c2-bc90-47dc-926e-26c705584027,tunisian.forex,available,11.98,133.98,medium,low,8,namecheap,,,11/09/2026 21:09
47c28399-1aa9-4431-927b-9df355bf827e,multicolor.forex,available,11.98,133.98,high,low,10,namecheap,,,03/09/2026 10:35
befe4060-3f59-4073-8fec-a9ba7768a21f,saints.forex,available,10.55,83,medium,low,6,spaceship,,,28/09/2026 16:34
24651a8f-fdd6-4cd2-b6da-a7f350b085f7,senefelder.forex,available,11.98,133.98,medium,low,10,namecheap,,,18/09/2026 13:11
af42cd3d-c250-447d-a420-945d4c212c1e,aron.forex,available,80.2,80.2,medium,low,4,cloudflare,,,29/09/2026 15:32
95689607-7a8b-4701-ae3b-077eccd3646d,fsh.forex,available,13.5,,high,low,3,unstoppable,,,02/10/2026 04:54
8f91b655-570d-4ed0-9703-4aa86cda4677,commonly.forex,available,10.55,83,medium,low,8,spaceship,,,28/09/2026 14:12
36580717-c9cb-4c35-92c8-6b9ae05030ea,uncertainty.forex,available,10.55,83,medium,low,11,spaceship,,,29/09/2026 16:17
e309e959-2ea9-4f83-b898-8a179f1081c8,diskette.forex,available,11.98,133.98,high,low,8,namecheap,,,18/08/2026 08:53
9aa325db-1498-453e-a9ab-3d3e21931d46,umm.forex,available,80.2,80.2,high,low,3,cloudflare,,,29/09/2026 21:18
86ff5d13-22c6-4185-9d48-cdc806ac07b3,farley.forex,available,11.98,133.98,medium,low,6,namecheap,,,30/09/2026 13:41
972f8506-fb82-4b36-acdb-148ce99233a7,inconvenient.forex,available,13.5,,medium,low,12,unstoppable,,,01/10/2026 05:50
5199d08e-998e-453a-a0a5-f16b35fb3277,designs.forex,available,13.5,133.98,high,low,7,unstoppable,,,30/09/2026 20:49
97b8d15f-0f71-4081-ba85-2581ea9da148,sublimate.forex,available,11.98,133.98,medium,low,9,namecheap,,,11/09/2026 00:01
609aa60e-3f05-4488-956c-7489e3df5c59,ruggles.forex,available,10.92,85.82,medium,low,7,dynadot,,,01/10/2026 10:32
abaaae37-746c-4cc4-b251-a9321a5317c7,alehouse.forex,available,11.98,133.98,medium,low,8,namecheap,,,18/09/2026 05:01
35be2e7c-b420-4042-a62e-568e005ae049,footing.forex,available,11.98,133.98,high,low,7,namecheap,,,22/09/2026 11:02
f7b16b2f-45cc-4538-aa2e-68559dd35fbe,mounting.forex,available,11.98,133.98,medium,low,8,namecheap,,,29/09/2026 00:26
3ba76729-969f-4df8-8dfb-8cf14b26721f,ina.forex,available,10.92,85.82,high,low,3,dynadot,,,28/09/2026 04:04
4be5a71d-f17b-4999-8a27-ce057964aa49,pennies.forex,available,19.99,,high,low,7,name.com,,,
98e725a4-dd03-4295-b8fc-f91a46f203bc,baden.forex,available,19.99,129.99,medium,low,5,name.com,,,25/09/2026 13:59
523727df-276c-426c-8ccd-845d57500969,francisco.forex,available,11.98,133.98,high,low,9,namecheap,,,25/09/2026 18:30
cd5553ea-3fdb-480e-98de-eb14352fe587,papist.forex,available,11.98,133.98,medium,low,6,namecheap,,,05/09/2026 01:35
f436a76e-1de3-4be1-bd54-f414539067a8,auroral.forex,available,11.98,133.98,high,low,7,namecheap,,,22/09/2026 13:08
624d982a-326b-4658-887f-93b5c8552b50,neotenic.forex,available,11.98,133.98,medium,low,8,namecheap,,,03/09/2026 15:31
7e2bb101-5c8c-4c19-a718-4afd7106473f,imports.forex,available,13.5,,medium,low,7,unstoppable,,,01/10/2026 00:34
40f5f38b-28dc-415a-b12e-6f842dc5b563,keane.forex,available,10.55,83,medium,low,5,spaceship,,,28/09/2026 18:07
a9ecb17b-7977-42a5-b61e-7650fba51344,sensibly.forex,available,11.98,133.98,medium,low,8,namecheap,,,16/09/2026 00:35
0ad650f9-578c-4b80-83be-546f77fe5464,specialized.forex,available,10.55,83,high,low,11,spaceship,,,01/10/2026 09:42
dc21a649-2758-4233-9872-d783e4c91d55,punt.forex,available,11.98,133.98,high,low,4,namecheap,,,18/08/2026 19:54
0a15dbe3-d985-4d9b-8a47-1607ac10da7d,left.forex,available,11.98,133.98,high,low,4,namecheap,,,25/09/2026 13:25
51c6eef6-f9f7-4194-9145-d15bfee1b8ee,sighs.forex,available,10.92,85.82,medium,low,5,dynadot,,,30/09/2026 00:18
449a53e0-493a-4f31-b658-98b2524ed5d1,malignant.forex,available,11.98,133.98,medium,low,9,namecheap,,,24/08/2026 14:08
1830bc96-2e5a-43af-af1e-dd8e42957482,surpassing.forex,available,11.98,133.98,high,low,10,namecheap,,,17/08/2026 16:03
740174f6-22c5-415e-a8a4-4ee8ed97aaeb,stalked.forex,available,11.98,133.98,medium,low,7,namecheap,,,08/09/2026 13:33
ceb95db3-6bd0-4248-89f8-e8453d4dac55,frequency.forex,available,11.98,133.98,high,low,9,namecheap,,,16/09/2026 17:49
eb6a0949-26ae-4b10-9b47-70decc67bd9a,agitation.forex,available,11.98,133.98,medium,low,9,namecheap,,,17/09/2026 18:06
d5a0dd85-b349-43ac-b61f-6cc40a165fd8,astreus.forex,available,11.98,133.98,medium,low,7,namecheap,,,20/09/2026 17:34
61bf0f84-8610-4142-9efb-87da2bf3e3ab,radiation.forex,available,11.98,133.98,high,low,9,namecheap,,,17/09/2026 04:59
635e32d9-b2d8-4429-bc21-d919bd60c8fe,firsthand.forex,available,13.5,133.98,high,low,9,unstoppable,,,01/10/2026 13:24
499064bf-691a-40ba-9acb-8eaccf873d0a,vodka.forex,available,10.92,85.82,high,low,5,dynadot,,,30/09/2026 14:34
e4359896-dd8d-46ff-b287-a65f09f3ad5e,delusional.forex,available,11.98,133.98,medium,low,10,namecheap,,,14/08/2026 00:51
a9393696-831c-44f0-a522-9483249c3777,meditation.forex,available,11.98,133.98,high,low,10,namecheap,,,29/09/2026 07:35
18900b8b-4cdf-418d-989c-a0f930602b4f,hardbound.forex,available,11.98,133.98,medium,low,9,namecheap,,,21/08/2026 00:42
bd8c8b79-00df-4cdd-9b2b-729eca1175f7,afterworld.forex,available,11.98,133.98,medium,low,10,namecheap,,,17/09/2026 15:58
8dc05c8a-b9a5-4014-b7f5-d89c78b1bd79,consecrated.forex,available,10.55,83,medium,low,11,spaceship,,,02/10/2026 21:14
d91d43c2-04f6-4193-89af-da4124e6d663,permanent.forex,available,11.98,133.98,high,low,9,namecheap,,,22/08/2026 20:24
0395e91e-4b38-432c-8e2d-96b5f305bc12,hypertension.forex,available,11.98,133.98,medium,low,12,namecheap,,,30/09/2026 06:11
e17b1858-8fa9-494f-80fc-853a56a09e64,nie.forex,available,10.55,83,medium,low,3,spaceship,,,30/09/2026 03:54
ae9cb5ff-f39d-4e84-ab06-8c35b07115c6,traveller.forex,available,13.5,,high,low,9,unstoppable,,,30/09/2026 13:54
c5f278f2-0aba-492e-8309-d6e0ab865ee8,rigged.forex,available,11.98,133.98,medium,low,6,namecheap,,,09/09/2026 17:25
69df581e-533d-4605-85cc-fdda0f0837bf,unconditional.forex,available,10.92,85.82,high,low,13,dynadot,,,30/09/2026 03:39
6f612ac9-7610-4f6f-8cd0-d6ead1e1f2f8,conduit.forex,available,11.98,133.98,high,low,7,namecheap,,,24/09/2026 17:11
499c0efd-b9aa-491c-b5de-f5b332320e8b,will.forex,available,13.5,,high,medium,4,unstoppable,,,30/09/2026 14:37
2944e9ce-b3c7-4eca-9f7c-eed3ec01c6de,chaos.forex,available,11.98,133.98,high,medium,5,namecheap,,,22/09/2026 23:21
c57279fa-631c-420c-b66c-899a4dd5b0aa,libber.forex,available,11.98,133.98,medium,low,6,namecheap,,,18/08/2026 01:03
0f4116e0-e492-4ed1-be9c-ae7ac9975ea1,supposed.forex,available,11.98,133.98,high,low,8,namecheap,,,23/09/2026 20:34
1fcf6cc1-89c1-468b-8472-8f57d1086360,knocker.forex,available,11.98,133.98,medium,low,7,namecheap,,,24/09/2026 22:02
95ded101-d938-40a7-b603-f6253ad1b389,moss.forex,available,13.5,,high,medium,4,unstoppable,,,28/09/2026 14:55
6c79a3e4-9ec2-48d2-9d1f-dfe4a92b6aac,deprecated.forex,available,10.92,85.82,medium,low,10,dynadot,,,01/10/2026 22:46
93554464-6d82-465b-ad66-48d644fc2f08,heritable.forex,available,11.98,133.98,medium,low,9,namecheap,,,21/08/2026 07:08
1bcc64b7-8196-4e89-afa0-106fcd19e545,dromedary.forex,available,11.98,133.98,medium,low,9,namecheap,,,19/09/2026 23:32
a14b0df9-dc7f-4ba4-bb6b-416bdf9f6be6,salmagundi.forex,available,11.98,133.98,medium,low,10,namecheap,,,25/08/2026 08:22
25ae9ca5-9904-4ca5-9e31-6a0d1dfc9a4e,agerasia.forex,available,11.98,133.98,medium,low,8,namecheap,,,17/09/2026 17:14
c42841cc-24ff-4435-901b-bf87ee2b9122,fim.forex,available,13.5,,medium,low,3,unstoppable,,,29/09/2026 21:32
ea3a587c-4e4b-410d-9e9f-19b5746f41fa,discredit.forex,available,10.55,83,high,low,9,spaceship,,,29/09/2026 15:37
b42519ce-5f10-4daf-9c51-f96ce8e9487c,died.forex,available,13.5,,low,low,4,unstoppable,,,03/10/2026 01:51
d3058a09-6571-4f12-81eb-d95f3f71def0,rooster.forex,available,10.81,82.9,high,low,7,porkbun,,,29/09/2026 13:52
881c675a-b867-4af7-b9ce-ef71a7d8bb80,trent.forex,available,11.98,133.98,high,low,5,namecheap,,,25/09/2026 10:26
dcbff44e-7612-4554-8a18-9455995e593b,mackenzie.forex,available,11.98,133.98,high,low,9,namecheap,,,25/09/2026 21:54
c96532b3-4da8-4cf3-900c-ba720ed91664,amends.forex,available,11.98,133.98,high,low,6,namecheap,,,18/09/2026 18:41
579da5ce-c7ba-4657-8ca9-69064798ccfe,kirkwood.forex,available,10.55,83,high,low,8,spaceship,,,29/09/2026 10:55
0ae8010b-9e43-430d-8e17-066ded785da5,bib.forex,available,11.98,133.98,high,low,3,namecheap,,,23/09/2026 12:42
092b08f6-0969-472c-9638-a419d81acba3,clipboards.forex,available,11.98,133.98,medium,low,10,namecheap,,,20/09/2026 11:59
0866cc2f-11ae-437f-9f96-d51e4290b7f8,sandwiches.forex,available,10.55,83,medium,low,10,spaceship,,,28/09/2026 13:26
71995c81-8ee6-40a8-a324-4818fab63e4c,dune.forex,available,80.2,80.2,high,low,4,cloudflare,,,30/09/2026 17:05
48110cfa-420a-459f-8625-fff17b304da0,knew.forex,available,19.99,,medium,low,4,name.com,,,
864ae478-b49c-4d06-a585-772be525391d,satin.forex,available,13.5,,high,low,5,unstoppable,,,30/09/2026 02:46
5a59b8ea-316a-418e-915c-3485571626cf,unstuck.forex,available,11.98,133.98,medium,low,7,namecheap,,,12/09/2026 20:40
2bd985fe-1152-425a-98ce-c3d2c33b72a7,graciously.forex,available,11.98,133.98,high,low,10,namecheap,,,14/09/2026 21:58
39851319-303b-41ff-bda9-72d28936d862,offending.forex,available,11.98,133.98,medium,low,9,namecheap,,,04/09/2026 01:28
fbcc730a-b6d9-4589-8f1c-cc02a4af9c2d,grudging.forex,available,11.98,133.98,medium,low,8,namecheap,,,20/08/2026 20:31
ab39f2b3-7963-4148-8ea5-92d0b5081c84,susurrous.forex,available,11.98,133.98,medium,low,9,namecheap,,,03/09/2026 11:24
85202bb2-63e5-4092-8ffc-6b2999f7a61d,woodward.forex,available,80.2,80.2,medium,low,8,cloudflare,,,29/09/2026 06:07
8d0f175b-14df-429d-bf13-14d1bf7618f7,predatory.forex,available,11.98,133.98,medium,low,9,namecheap,,,24/08/2026 15:43
4236a67d-b05e-45f4-be23-8bf33a410e2d,lifetime.forex,available,10.55,83,medium,low,8,spaceship,,,29/09/2026 16:16
06dfeeb9-7f27-4d70-bf8f-d27cc4e9e276,lover.forex,available,11.98,133.98,high,low,5,namecheap,,,23/09/2026 10:15
2c83914e-fe6a-4664-8ef2-a909e3f638ad,pilots.forex,available,80.2,80.2,medium,low,6,cloudflare,,,28/09/2026 00:23
be9fcc57-a392-4960-8d61-5c7f67886408,apology.forex,available,10.55,83,high,low,7,spaceship,,,28/09/2026 21:41
c7179043-0535-4c0c-a133-9c2b62097b82,venomed.forex,available,11.98,133.98,medium,low,7,namecheap,,,13/09/2026 02:06
03500fa2-650c-401c-a813-d2817de00597,abroach.forex,available,11.98,133.98,medium,low,7,namecheap,,,
7da1bed1-168f-47d4-8c07-4b8c7ff92ff8,dating.forex,available,80.2,80.2,high,low,6,cloudflare,,,29/09/2026 13:14
d88409bf-0848-44fe-811c-77ea282d46e3,upstate.forex,available,11.98,133.98,high,low,7,namecheap,,,16/09/2026 10:25
c022695f-b5f9-4f17-a91d-27acfc929b07,legislature.forex,available,10.55,83,high,low,11,spaceship,,,01/10/2026 05:03
4f05e487-d2a2-452b-9ee8-49808c95a6da,wormy.forex,available,11.98,133.98,medium,low,5,namecheap,,,13/08/2026 06:43
97022f6b-5575-4c2f-bd00-504cace1e757,penitent.forex,available,11.98,133.98,medium,low,8,namecheap,,,08/09/2026 14:30
68f131ec-b231-40b3-8aca-49cc75727926,andiron.forex,available,11.98,133.98,medium,low,7,namecheap,,,19/09/2026 04:06
a17b9ca2-5487-4357-9835-78cc07a8ceb4,daniela.forex,available,10.92,85.82,medium,low,7,dynadot,,,02/10/2026 01:34
a27a2c87-98c8-4dec-9cd4-0121f2ef93b5,certain.forex,available,10.92,85.82,high,low,7,dynadot,,,27/09/2026 19:05
aee65dd8-5ca5-4328-9098-e4531719b76c,pinpoint.forex,available,10.55,83,high,low,8,spaceship,,,30/09/2026 10:52
9fd99ca4-a456-4210-ad7d-0af1b18f973b,omission.forex,available,10.92,85.82,high,low,8,dynadot,,,03/10/2026 00:27
897fa53e-4501-4508-88d1-6783ef971502,high.forex,premium,1300,1300,high,low,4,namecheap,,,24/09/2026 13:54
65f5e3fd-86b8-4db1-a10b-58bf4115bb7c,colossal.forex,available,11.98,133.98,high,low,8,namecheap,,,12/08/2026 17:57
84b95ac5-7bc3-4e3e-9dc5-9f76a4518c14,caste.forex,available,10.55,83,medium,low,5,spaceship,,,02/10/2026 14:35
b91c097a-de35-4d85-b41e-b841d58740ad,consultative.forex,available,10.55,83,high,low,12,spaceship,,,30/09/2026 20:07
a236724f-a85f-47df-9c98-4de76c5f52fe,yin.forex,available,13.5,,high,low,3,unstoppable,,,03/10/2026 02:24
ae8423ff-757d-44f1-9312-477db07aa46c,issus.forex,available,11.98,133.98,medium,low,5,namecheap,,,22/09/2026 15:11
c46cb873-e51e-4677-83e4-660b43d2eb72,amur.forex,available,11.98,133.98,high,low,4,namecheap,,,19/09/2026 00:13
22ce0956-374e-492c-9c84-c75aa2401001,groupe.forex,available,80.2,80.2,high,low,6,cloudflare,,,30/09/2026 12:13
923ab601-9243-4bd6-a796-c940bc6e8274,aap.forex,available,13.5,,high,low,3,unstoppable,,,01/10/2026 05:12
8abb560a-88d3-4300-a2f2-bc0d961853ea,pep.forex,available,11.98,133.98,high,low,3,namecheap,,,02/10/2026 06:03
c1665023-e7d9-40da-ad9b-d3c712060608,swish.forex,available,11.98,133.98,high,low,5,namecheap,,,12/08/2026 09:55
abb32b9c-89fc-410a-a65b-68a214feaf89,noam.forex,available,10.92,85.82,medium,low,4,dynadot,,,02/10/2026 00:46
c3cb5766-ba34-4d60-b539-77b0ae3b2c32,tangy.forex,available,11.98,133.98,high,low,5,namecheap,,,22/08/2026 23:32
5524028a-96ad-404e-9f7d-12de5505c922,stitching.forex,available,10.55,83,high,low,9,spaceship,,,02/10/2026 16:44
e9e5bec8-7ca8-4231-a681-897a8e3bae70,quayle.forex,available,10.55,83,medium,low,6,spaceship,,,01/10/2026 11:02
017bc232-082d-4c04-868e-3c7d6f39f352,severe.forex,available,11.98,133.98,medium,low,6,namecheap,,,22/09/2026 13:18
62a4d22c-6a58-46dd-ae52-14fa1a014b32,dahl.forex,available,10.55,83,medium,low,4,spaceship,,,28/09/2026 09:14
c92b8ee8-e9fb-46b3-a5df-54addd0c0a8f,pretence.forex,available,11.98,133.98,medium,low,8,namecheap,,,25/09/2026 16:31
db0d02dd-246e-466c-bfa1-b067673ef7d0,attended.forex,available,11.98,133.98,medium,low,8,namecheap,,,22/09/2026 11:17
27ad95ae-dace-4950-973d-ee1e4af2406a,ornament.forex,available,10.55,83,high,low,8,spaceship,,,30/09/2026 09:20
e47f8f13-4eda-49c2-a4ee-f583d4a45545,leafed.forex,available,11.98,133.98,medium,low,6,namecheap,,,22/08/2026 21:52
26100a78-a3b5-408d-8925-8b43420d383d,sought.forex,available,11.98,133.98,high,low,6,namecheap,,,10/09/2026 14:41
53bd6104-1a62-4eb9-957a-dbd9c324b7b2,tuning.forex,available,80.2,80.2,high,low,6,cloudflare,,,29/09/2026 08:16
41ff183a-f298-4c71-b8a1-707db9f4a1ae,macro.forex,available,11.98,133.98,high,low,5,namecheap,,,25/09/2026 15:59
b23255a0-418a-41d1-b185-6abbac233135,claremont.forex,available,11.98,133.98,high,low,9,namecheap,,,27/09/2026 08:22
950e3b43-87a8-44c7-bd28-6e9f493dc025,grail.forex,available,10.55,83,high,low,5,spaceship,,,01/10/2026 19:50
174298a3-5c6a-4794-b6fa-f8f5c1a9e78f,calabria.forex,available,11.98,133.98,medium,low,8,namecheap,,,29/09/2026 06:11
340eeab8-89f3-4696-ab08-fdb58ad80413,monophonic.forex,available,11.98,133.98,medium,low,10,namecheap,,,25/08/2026 04:55
85cbd7f2-f46b-48b2-9b3e-f344e25c4d9f,casts.forex,available,10.92,85.82,medium,low,5,dynadot,,,01/10/2026 00:30
83a79202-871f-40be-a253-6c50fda5f72c,abeam.forex,available,11.98,133.98,medium,low,5,namecheap,,,13/09/2026 16:11
05fe4d5a-2017-4729-abb6-4773954d2853,algal.forex,available,11.98,133.98,medium,low,5,namecheap,,,
419b74c3-1061-41a7-9597-7435db63a5e3,valves.forex,available,10.92,85.82,medium,low,6,dynadot,,,29/09/2026 23:44
3027f4cd-9ae4-4769-94d4-a22b933162aa,fuller.forex,available,10.81,82.9,high,low,6,porkbun,,,29/09/2026 11:47
e74e5b11-f693-4524-923e-9d5089816385,seizure.forex,available,10.55,83,medium,low,7,spaceship,,,29/09/2026 00:20
99e7a752-a0c1-4a55-9d4c-ad87adb274f2,dietrich.forex,available,11.98,133.98,high,low,8,namecheap,,,27/09/2026 03:44
7c45e174-13ea-4dc6-ace1-01c9d669ee88,cannot.forex,available,80.2,80.2,high,low,6,cloudflare,,,01/10/2026 01:49
16e1a8b6-5767-44c0-bc83-752aff7dbd21,impacted.forex,available,11.98,133.98,medium,low,8,namecheap,,,21/08/2026 21:36
96ba033f-a24d-4ca5-9dec-8423bab7bf15,bursts.forex,available,10.55,83,low,low,6,spaceship,,,30/09/2026 14:44
a4958f4c-cb15-4329-a809-f7e34bb3aeaa,graduation.forex,available,11.98,133.98,high,low,10,namecheap,,,24/09/2026 16:27
ef642172-b6d9-4f49-b24f-f2261306d5b8,arava.forex,available,11.98,133.98,medium,low,5,namecheap,,,20/09/2026 00:28
90bd5dc3-7448-4784-9bf4-f5daa0d08221,humanlike.forex,available,11.98,133.98,medium,low,9,namecheap,,,
45e50598-2fa1-4da3-8e7c-ac3bec095185,liaison.forex,available,11.98,133.98,high,low,7,namecheap,,,17/09/2026 14:03
cf4d42e4-4369-436a-8a26-f1836bee8201,dryer.forex,available,13.5,,medium,low,5,unstoppable,,,29/09/2026 18:42
94ed69a5-3ec0-429c-9c77-fdb1f33909e3,joanne.forex,available,80.2,80.2,high,low,6,cloudflare,,,27/09/2026 19:17
057650e1-6897-4061-80c9-69e86e5c5fc9,scribble.forex,available,11.98,133.98,high,low,8,namecheap,,,24/09/2026 11:35
0b026782-e584-4326-9a58-4509115e6596,rite.forex,available,11.98,133.98,high,low,4,namecheap,,,09/09/2026 18:03
d152dc31-7805-4c67-b094-acd854361ca3,condition.forex,available,80.2,80.2,high,low,9,cloudflare,,,29/09/2026 10:38
28c6a7d8-6c2f-4f1c-ae61-ecb1305c627b,pompom.forex,available,11.98,133.98,medium,low,7,namecheap,,,
464bca5c-868c-432b-8cbf-3bad28d99ec6,mane.forex,available,10.81,82.9,high,low,4,porkbun,,,02/10/2026 05:11
1215e70b-eb7c-4bc6-bd52-9aa3d7803564,alumna.forex,available,11.98,133.98,high,low,6,namecheap,,,20/08/2026 17:44
0e8f70c1-864e-4499-91cb-97f62c18bb58,christiansen.forex,available,80.2,80.2,medium,low,12,cloudflare,,,30/09/2026 13:39
592cec52-1391-4709-ab7d-1cc3faef509d,chopper.forex,available,11.98,133.98,high,low,7,namecheap,,,08/09/2026 11:24
42e71a3c-20ff-4d44-8126-793ca0b7e03f,laurence.forex,available,10.55,83,high,low,8,spaceship,,,30/09/2026 06:35
6423b18c-4318-4a1f-9ba6-21a72c3b61eb,satiric.forex,available,11.98,133.98,medium,low,7,namecheap,,,09/09/2026 21:51
617d4d0a-4e56-4312-aac0-92b844feb96d,lacrimal.forex,available,11.98,133.98,medium,low,8,namecheap,,,22/08/2026 17:57
f00c46de-a082-4514-b058-9052fb6b936c,sources.forex,available,11.98,133.98,medium,low,7,namecheap,,,17/09/2026 22:23
6fade7dd-80fa-418e-b0f4-7a143eb5ba28,dozen.forex,available,11.98,133.98,high,low,5,namecheap,,,21/09/2026 11:29
3faf2363-a95e-4546-9851-6b715f22e776,suppression.forex,available,13.5,,medium,low,11,unstoppable,,,30/09/2026 14:12
b9a21715-3b4a-4b65-a891-0dcdae37ff1b,oxford.forex,available,10.55,83,high,low,6,spaceship,,,30/09/2026 06:19
c47d0550-c2e7-4da2-93c1-98f105053d9b,chun.forex,available,80.2,80.2,high,low,4,cloudflare,,,30/09/2026 23:29
613bd27d-398a-4f8c-8ab3-22adf776f8df,recluse.forex,available,11.98,133.98,high,low,7,namecheap,,,09/09/2026 11:38
6b190aca-e5bd-459f-bf0f-935f127862ec,patent.forex,available,11.98,133.98,high,low,6,namecheap,,,06/08/2026 05:19
b2333d87-0095-4470-a787-dca042028491,promiscuous.forex,available,10.55,83,medium,low,11,spaceship,,,01/10/2026 22:33
d88931eb-9bd2-4782-ae08-6caa146079cf,sinatra.forex,available,10.55,83,high,low,7,spaceship,,,29/09/2026 18:57
21aa003b-841c-4ebd-b3d2-31f35747991a,bookstore.forex,available,11.98,133.98,high,low,9,namecheap,,,24/09/2026 07:17
f6ea2bab-dd1e-4dde-9fa8-5e6f4b0a547b,garden.forex,available,80.2,80.2,high,low,6,cloudflare,,,02/10/2026 11:30
cd62579f-6cac-4553-af55-a8a44d31d845,healthy.forex,premium,1300,1300,high,low,7,namecheap,,,01/10/2026 22:45
181bef50-0da6-4e3a-a8db-d773a6ee3d60,netlike.forex,available,11.98,133.98,medium,low,7,namecheap,,,03/09/2026 16:00
4115df06-1530-4fcd-a886-a1b067dc46f4,recognised.forex,available,11.98,133.98,high,low,10,namecheap,,,21/09/2026 15:30
7898cfab-90e8-4203-8f17-2af1929f247c,terms.forex,available,10.55,83,high,low,5,spaceship,,,29/09/2026 19:50
c20b8d05-90a4-4214-b043-7ce282f6ee41,excitable.forex,available,11.98,133.98,medium,low,9,namecheap,,,17/08/2026 16:22
9327912f-b0d2-45bb-84b2-e2d1054e5e16,nude.forex,available,11.98,133.98,high,low,4,namecheap,,,07/08/2026 16:15
be6fc7f3-c2db-4c6f-a8c6-5f3db59c3463,rebound.forex,available,11.98,133.98,high,low,7,namecheap,,,21/09/2026 15:40
53dbfc4c-72cc-4d84-84e6-d77b7463304f,gnostic.forex,available,11.98,133.98,medium,low,7,namecheap,,,20/08/2026 15:47
9b0c61f0-8f07-49f0-ab78-cd6f6ddf6892,uncoiled.forex,available,11.98,133.98,medium,low,8,namecheap,,,12/09/2026 05:44
1fa8cb4e-314b-4110-bf59-4efc62534b82,hubbub.forex,available,11.98,133.98,medium,low,6,namecheap,,,24/09/2026 10:52
37a73bdf-e940-49af-a79a-ef9cfaed6e38,stadia.forex,available,11.98,133.98,high,low,6,namecheap,,,17/09/2026 09:03
55fa09e7-0238-40b3-bb53-f9b02586a288,legs.forex,available,11.98,133.98,high,low,4,namecheap,,,30/09/2026 02:47
aaab744d-f6b5-4f06-8e6b-eb28bab80324,niche.forex,available,10.55,83,high,low,5,spaceship,,,30/09/2026 17:07
f319401f-03e4-4643-97e5-18bd2c3cd914,rhys.forex,available,10.55,83,medium,low,4,spaceship,,,28/09/2026 18:25
b0a3b36f-f8cf-4664-b4db-0c5e045b30ed,claiming.forex,available,13.5,,high,low,8,unstoppable,,,28/09/2026 11:29
520b7c1e-96f6-4af0-b602-714282cea823,tame.forex,available,11.98,133.98,high,low,4,namecheap,,,11/09/2026 07:40
00c938f1-2b03-4dfb-b01d-f2b3797001af,lex.forex,available,10.81,82.9,high,medium,3,porkbun,,,29/09/2026 08:28
25f300c7-698b-4318-9855-90498d6ca808,transplant.forex,available,10.81,82.9,high,low,10,porkbun,,,28/09/2026 02:03
1a3f528d-6a59-4c61-9c88-9c79c65f5a8b,smilax.forex,available,11.98,133.98,medium,low,6,namecheap,,,20/09/2026 14:41
65c8f1fd-62c3-47f9-9be0-3100601bfa2f,kosovo.forex,available,11.98,133.98,high,low,6,namecheap,,,25/09/2026 23:25
73072c38-f499-4c84-a309-b9fd8c9096b3,infrasonic.forex,available,11.98,133.98,medium,low,10,namecheap,,,22/08/2026 04:48
48b797c7-6a99-4609-b301-d3ff807f597a,lamps.forex,available,10.92,85.82,medium,low,5,dynadot,,,29/09/2026 11:04
e895c45d-1811-4234-926b-cc68557cce0b,broaden.forex,available,13.5,,high,low,7,unstoppable,,,30/09/2026 16:22
47649bd2-9510-4cef-b187-ea98ba82de9c,countless.forex,available,19.99,129.99,high,low,9,name.com,,,24/09/2026 00:28
2d66598f-9da5-4c3b-bdbd-dbbd7e0d358c,internationally.forex,available,19.99,,high,low,15,name.com,,,
75e1ad4e-e028-4dc0-9075-c337e2a5326f,gillespie.forex,available,11.98,133.98,high,low,9,namecheap,,,25/09/2026 04:55
a416479b-5227-4294-802e-97ad3c6548be,hess.forex,available,11.98,133.98,high,low,4,namecheap,,,27/09/2026 03:38
fba45895-9f74-426d-8d87-338d280ceeb3,primal.forex,available,11.98,133.98,high,low,6,namecheap,,,11/08/2026 18:56
13667021-c978-4410-b6a1-7b4042fa4e63,lodges.forex,available,80.2,80.2,medium,low,6,cloudflare,,,02/10/2026 22:20
5ab0ed24-94e4-4bbb-ba7a-ead31fdf9b98,landmark.forex,available,10.92,85.82,high,low,8,dynadot,,,29/09/2026 13:16
05b8704a-f7e2-43cf-a85a-63a1a776a969,acquirable.forex,available,11.98,133.98,medium,low,10,namecheap,,,
ebac6b47-349f-4fbf-8cbc-9d55f38d89b6,recordings.forex,available,13.5,,medium,low,10,unstoppable,,,29/09/2026 16:40
12df892e-30ba-439b-9bea-406002c2d49e,actions.forex,available,11.98,133.98,medium,low,7,namecheap,,,
3742579b-61ff-45df-957e-66a0ab2cd2e7,homecoming.forex,available,80.2,80.2,high,low,10,cloudflare,,,28/09/2026 19:27
a63f3cb0-d4ba-4b09-85af-e7d280bfbcc4,ablution.forex,available,11.98,133.98,medium,low,8,namecheap,,,16/09/2026 16:14
77ff78fa-551c-4c27-8c53-4253c6f0a00a,untamed.forex,available,11.98,133.98,medium,low,7,namecheap,,,12/09/2026 20:55
813d7c0a-bb6d-4366-9d81-9a9d46e114d4,columella.forex,available,13.5,,medium,low,9,unstoppable,,,30/09/2026 09:13
399ed767-170d-408d-b77a-dd585ff9ec13,benzoate.forex,available,11.98,133.98,medium,low,8,namecheap,,,23/09/2026 08:56
486abcf1-c5b4-44ac-a913-ea7c06607baa,gizmo.forex,available,11.98,133.98,high,low,5,namecheap,,,19/09/2026 21:49
ed0d861e-9039-4e80-9577-a99a0f6ec211,templeton.forex,available,10.55,83,medium,low,9,spaceship,,,28/09/2026 22:24
c20de5b3-cb26-4d4b-9671-991643d4ab34,huisache.forex,available,11.98,133.98,medium,low,8,namecheap,,,16/09/2026 20:11
ec0a07be-e3ec-496c-b978-d99e865aa19f,southeast.forex,available,10.92,85.82,low,low,10,dynadot,,,28/09/2026 08:19
f8f905fb-0672-44f7-b56d-f0e9dc28d4cd,employers.forex,available,10.55,83,medium,low,9,spaceship,,,30/09/2026 06:06
46846794-28b2-4a97-ab0e-87fb92e3c290,oncology.forex,available,11.98,133.98,high,low,8,namecheap,,,02/10/2026 16:15
6f3c06bc-370e-4484-b1ec-fc94d4b2b13a,deadline.forex,available,11.98,133.98,high,low,8,namecheap,,,29/09/2026 13:23
eba40f90-9c43-4f1d-a6d3-2ba91a2445ae,maneuvering.forex,available,10.55,83,high,low,11,spaceship,,,01/10/2026 23:02
9e0a0394-837b-4e20-95e2-2c0f9929ec4a,adaptive.forex,available,80.2,80.2,high,low,8,cloudflare,,,02/10/2026 01:04
2d740dde-f6bd-4bed-8151-9afa19efb2f2,randoms.forex,available,11.98,133.98,low,low,7,namecheap,,,19/09/2026 22:13
d1a4b5ce-1a68-43cd-bc61-47deb55aa69c,groggy.forex,available,11.98,133.98,medium,low,6,namecheap,,,18/08/2026 09:53
f1e53440-7794-494a-aa58-b3fb5dc1d56f,pancreatic.forex,available,11.98,133.98,medium,low,10,namecheap,,,05/09/2026 00:36
3c06503e-fd83-43b1-ac13-85af083d5e88,coherently.forex,available,80.2,80.2,medium,low,10,cloudflare,,,28/09/2026 14:06
df9a4037-bd10-477e-8766-cae585142c4d,tramway.forex,available,11.98,133.98,high,low,7,namecheap,,,17/09/2026 12:48
2a8f8cd2-6444-48ed-9727-0ecb33360ac3,barnum.forex,available,11.98,133.98,medium,low,6,namecheap,,,22/09/2026 06:55
e89f3a64-9d3a-4702-8426-0726f058c7dc,suborbital.forex,available,11.98,133.98,medium,low,10,namecheap,,,11/09/2026 00:34
ff16f986-7e59-4f2f-9eed-b2c631c87cdd,renovation.forex,available,13.5,83,high,low,10,unstoppable,,,03/10/2026 04:01
cf469eb0-c36b-485a-b02e-f281f818678d,doctorate.forex,available,13.5,,high,low,9,unstoppable,,,30/09/2026 17:00
d45ec377-ced8-48c1-8230-9cedaf1b1785,furthest.forex,available,11.98,133.98,medium,low,8,namecheap,,,24/09/2026 17:07
56c310f2-cb62-440d-98ce-b183a7e104d9,caesium.forex,available,11.98,133.98,medium,low,7,namecheap,,,20/09/2026 23:16
d64bcb8f-1652-4354-90d3-85efd22db97a,delegates.forex,available,13.5,,medium,low,9,unstoppable,,,29/09/2026 17:31
5d5eaff1-9484-4806-9fb0-2c575612c747,hex.forex,available,11.98,133.98,high,medium,3,namecheap,,,21/08/2026 07:35
dc0e22b2-a5e6-4503-9bd1-34bd2f10d7a8,lorna.forex,available,13.5,,medium,low,5,unstoppable,,,29/09/2026 15:29
80c755f8-e3d2-4d29-99c9-d3eeee74f1d3,adjustment.forex,available,11.98,133.98,high,low,10,namecheap,,,18/08/2026 05:52
9ca1f3ed-d058-4ed2-9b46-d634bc541895,missiles.forex,available,10.55,83,low,low,8,spaceship,,,28/09/2026 00:20
55604e23-c4e5-4227-81ee-489cadcfb191,leafless.forex,available,11.98,133.98,medium,low,8,namecheap,,,22/08/2026 21:56
0ecd8bbc-7a51-44fc-a1ce-a3ca4129647b,sargent.forex,available,11.98,133.98,medium,low,7,namecheap,,,27/09/2026 04:36
93f03cd5-686a-4657-8bd0-5c888cbb7087,oem.forex,available,80.2,80.2,high,low,3,cloudflare,,,30/09/2026 11:44
ec4efc07-7eae-4bb6-93d0-0119bea374bd,guileless.forex,available,11.98,133.98,medium,low,9,namecheap,,,20/08/2026 20:48
6f3ed7b1-461c-4659-9c49-1a398c4f5183,pronunciation.forex,available,80.2,80.2,medium,low,13,cloudflare,,,30/09/2026 14:07
9f63afb5-39b9-402c-9ffe-69ac97b03752,checkmate.forex,available,11.98,133.98,high,low,9,namecheap,,,24/09/2026 14:02
959b7b57-d932-42f2-a6b4-fe29f1312c0b,chelonian.forex,available,11.98,133.98,low,low,9,namecheap,,,12/08/2026 04:08
af6a4e62-d78c-4a85-9915-50b49d104c5f,scientists.forex,available,11.98,133.98,medium,low,10,namecheap,,,27/09/2026 11:19
6a896128-0485-45d7-a4fd-f6bc521e947d,vanity.forex,available,10.81,82.9,high,low,6,porkbun,,,28/09/2026 21:03
b617f378-6659-41b5-acb6-36172926af7e,see.forex,available,11.98,133.98,high,medium,3,namecheap,,,24/09/2026 16:46
e021b2e2-0f67-4f32-9de2-c74a3286a8a4,moreno.forex,available,11.98,133.98,medium,low,6,namecheap,,,27/09/2026 10:16
771697dc-a6f0-41be-9183-042c81d702b4,selfemployed.forex,available,80.2,80.2,high,low,13,cloudflare,,,02/10/2026 13:54
46abbe66-07d6-4a0e-92ef-3634a43d555e,newsworthy.forex,available,11.98,133.98,high,low,10,namecheap,,,03/09/2026 16:53
f1250f27-f3ad-4601-812e-b0f23a4315c1,ene.forex,available,11.98,133.98,high,low,3,namecheap,,,03/10/2026 00:32
b8c78e8a-7cf9-4d26-b861-5524aa4ccd17,boldface.forex,available,11.98,133.98,high,low,8,namecheap,,,10/08/2026 17:43
3553226b-c7e9-40c8-846d-c36826158016,management.forex,premium,1300,1300,high,low,10,namecheap,,,19/09/2026 14:24
29f6cbea-4068-4fdc-b8e5-921eac6e19ae,expansion.forex,available,10.55,83,high,low,9,spaceship,,,28/09/2026 19:05
d584a39f-728b-41a7-9830-a5dfa0a75e6c,follows.forex,available,80.2,80.2,high,low,7,cloudflare,,,27/09/2026 18:23
502f72ab-18ec-4241-83e3-bc8d009bee0a,unadorned.forex,available,11.98,133.98,medium,low,9,namecheap,,,11/09/2026 23:54
f71ac38d-1662-4d7f-bd22-6b7c8dcfaca5,antilope.forex,available,19.99,129.99,medium,low,8,name.com,,,19/09/2026 14:39
7d4b98b4-bb31-48cc-b224-d12d64e5f6b6,ushers.forex,available,19.99,129.99,medium,low,6,name.com,,,20/09/2026 19:46
1f1e9e2c-05f6-45a3-98cd-001ddd813f8a,danced.forex,available,11.98,133.98,medium,low,6,namecheap,,,27/09/2026 10:43
198905fb-c9ea-4523-a15c-fbf6856733f3,lowe.forex,available,10.55,83,high,low,4,spaceship,,,29/09/2026 15:01
5827e008-4645-4833-9d83-b9947d9ab492,enchanting.forex,available,11.98,133.98,medium,low,10,namecheap,,,09/08/2026 18:21
9a72dcf9-a2d5-46f5-bba2-1a79cf6fd579,conferences.forex,available,80.2,80.2,medium,low,11,cloudflare,,,30/09/2026 07:38
bf25d277-027b-45a5-a740-dd713652e5ef,vendetta.forex,available,13.5,,medium,low,8,unstoppable,,,02/10/2026 14:24
308b9a66-e21b-486d-b2d3-d55d9d69b3a9,mercenary.forex,available,11.98,133.98,high,low,9,namecheap,,,24/08/2026 17:14
9fea19c2-6aaf-4cc4-b916-29facf48daef,victorian.forex,available,11.98,133.98,high,low,9,namecheap,,,27/09/2026 05:38
36af1286-e8ca-46f5-94cf-e3b14c8adcd2,hope.forex,available,11.98,133.98,high,medium,4,namecheap,,,24/09/2026 06:22
48dec6a6-e5d7-40fe-b42d-53cd1076718d,cucumbers.forex,available,11.98,133.98,medium,low,9,namecheap,,,20/09/2026 10:05
cce2dc8b-a14f-4f16-8fd6-d1be9854c5c0,nis.forex,available,10.55,83,high,low,3,spaceship,,,29/09/2026 14:58
4a1e12fa-4629-4062-9d5a-5139d372f0be,motorist.forex,available,11.98,133.98,high,low,8,namecheap,,,21/09/2026 07:26
dbcc70ef-0ff9-4a6d-9037-ab81832449f7,airdrop.forex,available,11.98,133.98,high,low,7,namecheap,,,17/09/2026 23:06
88b24d14-21bc-4792-b1ec-d988a9fb1673,hoopla.forex,available,11.98,133.98,high,low,6,namecheap,,,21/09/2026 23:33
ee9198cd-d7d0-4fb1-aad5-9670de2111a7,swung.forex,available,11.98,133.98,medium,low,5,namecheap,,,30/09/2026 14:20
f6d20043-a4eb-43af-91c1-5e212667a718,idiotic.forex,available,11.98,133.98,medium,low,7,namecheap,,,24/09/2026 01:17
c1429579-76b5-4661-9aab-34f60b31f7d3,sumner.forex,available,11.98,133.98,high,low,6,namecheap,,,29/09/2026 08:10
8a63d6ab-7126-4511-8595-a277b9be08bc,optical.forex,available,11.98,133.98,high,low,7,namecheap,,,04/09/2026 00:42
55452a7f-01cd-416d-a1c1-63e7cbc43cf8,monkshood.forex,available,11.98,133.98,medium,low,9,namecheap,,,17/09/2026 02:11
f95f41b2-d1b7-42da-b75d-8c55d0c94726,unflavored.forex,available,11.98,133.98,medium,low,10,namecheap,,,03/09/2026 19:15
26046c76-1d1c-4f5c-8f5e-3b133eb91fae,skill.forex,available,13.5,,high,medium,5,unstoppable,,,28/09/2026 17:56
4111f0e4-bb97-4c69-a97f-608ec0b3418c,apheresis.forex,available,11.98,133.98,medium,low,9,namecheap,,,19/09/2026 16:49
bdac7c1c-64c0-4c9c-8ed7-b1f6a92e5341,poets.forex,available,11.98,133.98,medium,low,5,namecheap,,,28/09/2026 22:26
678c6ddc-1199-4269-b17b-5fff09e91174,paths.forex,available,11.98,133.98,medium,low,5,namecheap,,,18/09/2026 10:52
20158751-dce8-4c17-9763-234b7854a205,deteriorating.forex,available,11.98,133.98,medium,low,13,namecheap,,,29/09/2026 20:55
82053a34-3f9f-445a-b550-8664a3a1061f,lisa.forex,available,11.98,133.98,high,low,4,namecheap,,,25/09/2026 12:07
16ee4745-24e8-45e1-86a8-c968d9a41ecc,warm.forex,available,11.98,133.98,high,low,4,namecheap,,,21/09/2026 21:51
f751bcd7-ac28-411d-a3a9-91cc8a2589a9,probation.forex,available,80.2,80.2,medium,low,9,cloudflare,,,28/09/2026 10:46
592f82f3-f222-4548-975b-487231296870,cockamamy.forex,available,11.98,133.98,low,low,9,namecheap,,,12/08/2026 14:49
663dff46-fcc9-4c7e-95b8-72cde999eca2,slowcoach.forex,available,11.98,133.98,medium,low,9,namecheap,,,10/09/2026 20:27
c512148d-1a12-4a52-946d-7c494bc57aaa,funky.forex,available,11.98,133.98,high,low,5,namecheap,,,18/08/2026 02:27
16cfe15c-d258-4814-948f-231117f83605,catoptric.forex,available,11.98,133.98,medium,low,9,namecheap,,,11/08/2026 22:12
6020b2d3-70f3-49f4-8be8-630c500888c7,danceable.forex,available,19.99,129.99,medium,low,9,name.com,,,13/08/2026 16:59
739a70ec-8fbe-4bf9-9e1f-b0ba04e1e92c,mapping.forex,available,13.5,,high,low,7,unstoppable,,,30/09/2026 09:11
13f6e755-ea3f-41af-86bc-c6208df9fd18,esposito.forex,available,10.55,83,high,low,8,spaceship,,,30/09/2026 21:18
5e105f52-16f4-4f61-9c41-e4863a65eb1c,invites.forex,available,10.55,83,medium,low,7,spaceship,,,29/09/2026 11:26
d1d21c8f-d2bc-433e-9a22-0059e7da6739,lesley.forex,available,80.2,80.2,medium,low,6,cloudflare,,,28/09/2026 21:55
25f7dbca-57c4-4cb1-99ad-d0c283d3cf6c,hydrophobic.forex,available,80.2,80.2,medium,low,11,cloudflare,,,29/09/2026 08:39
3fa16202-3f11-4f01-81de-73d203c9ecce,bremerton.forex,available,10.55,83,medium,low,9,spaceship,,,02/10/2026 08:13
dae5dc34-9823-428d-8fb0-cfbe45ccd551,tomorrows.forex,available,11.98,133.98,medium,low,9,namecheap,,,21/09/2026 09:58
edddd64b-fed7-4ef9-a81a-0de89c7dbfc7,feelingly.forex,available,11.98,133.98,medium,low,9,namecheap,,,14/09/2026 18:18
2cedc7da-0b1e-41d8-8466-9cfea5e09dde,pact.forex,available,80.2,80.2,high,low,4,cloudflare,,,28/09/2026 06:32
1b1a7b53-2e00-4170-a956-2243ac00e2c5,velasquez.forex,available,13.5,,medium,low,9,unstoppable,,,01/10/2026 11:23
7240256f-711f-4f14-b767-a1c503bb67ef,bodacious.forex,available,11.98,133.98,high,low,9,namecheap,,,10/08/2026 16:42
e633d50c-ad3f-4b43-a429-eea42a4a43c9,private.forex,premium,1300,1300,high,medium,7,namecheap,,,27/09/2026 06:15
200151b2-b2b9-4261-9290-5bbc5662bfeb,alcoholism.forex,available,11.98,133.98,medium,low,10,namecheap,,,18/09/2026 04:06
72d720b2-68b5-4f49-94bc-d7f24fad738e,bsp.forex,available,10.55,83,high,low,3,spaceship,,,02/10/2026 18:23
5b367a1f-72b0-402a-bb0c-a3691f0fb98a,berger.forex,available,10.55,83,medium,low,6,spaceship,,,29/09/2026 04:23
7d0c71b4-7d5a-4578-bb99-f8210a9f89e4,shake.forex,available,11.98,133.98,high,low,5,namecheap,,,25/09/2026 06:52
bea1d78a-f2ba-4641-b8c3-bceb538bd580,backgrounds.forex,available,11.98,133.98,medium,low,11,namecheap,,,20/09/2026 22:12
5b4417d0-4d17-4c26-b7de-226f94244801,kalamazoo.forex,available,80.2,80.2,high,low,9,cloudflare,,,28/09/2026 02:12
2897ffac-0971-44dc-9fab-7b81a54cf71c,repose.forex,available,11.98,133.98,high,low,6,namecheap,,,20/09/2026 19:37
43b4e4d8-501c-4d10-8802-30a999f150fa,escalator.forex,available,10.55,83,high,low,9,spaceship,,,02/10/2026 04:44
5b1d54f0-7042-48fc-9158-8fd6d2de3ec5,newark.forex,available,10.55,83,medium,low,6,spaceship,,,28/09/2026 19:59
883282fc-0d52-4ea6-985f-c9daa487b6b4,mistakes.forex,available,11.98,133.98,medium,low,8,namecheap,,,16/09/2026 10:20
dadaa466-b696-4bd4-87a5-96e9fa34a405,goosey.forex,available,11.98,133.98,medium,low,6,namecheap,,,14/08/2026 16:06
9bd3cf6f-9940-4ad5-8631-50fe6747bd4b,miki.forex,available,10.92,85.82,high,low,4,dynadot,,,02/10/2026 04:00
1bb6e8a0-ecb2-42b7-8036-68a934b1b474,leaping.forex,available,80.2,80.2,high,low,7,cloudflare,,,30/09/2026 17:53
ac4a6707-e8cb-4a09-b50e-8ffcbf230684,duane.forex,available,80.2,80.2,medium,low,5,cloudflare,,,27/09/2026 19:56
24bdb6a7-4e61-4582-bab9-07c9c0fc713b,disguise.forex,available,80.2,80.2,high,low,8,cloudflare,,,29/09/2026 06:07
08fdd777-4a81-4922-bdd3-389ebce8b425,backboard.forex,available,11.98,133.98,high,low,9,namecheap,,,21/09/2026 15:09
ebaf640a-105f-4c23-9d22-0ace33e2a08d,syndetic.forex,available,11.98,133.98,medium,low,8,namecheap,,,11/09/2026 06:23
224e7410-7857-449d-87a6-34ad9b766b6e,productive.forex,available,11.98,133.98,high,low,10,namecheap,,,18/08/2026 21:26
c417a41f-6bc2-4af7-820f-f8e69606d5ab,fax.forex,available,10.55,83,high,low,3,spaceship,,,28/09/2026 14:07
f80db960-9b59-4d04-8911-ef35da4142a4,believers.forex,available,13.5,,high,low,9,unstoppable,,,30/09/2026 13:58
051c2ab9-cd32-44d6-a5cf-e1043b139426,groovy.forex,available,11.98,133.98,high,low,6,namecheap,,,08/08/2026 12:35
cfec76c2-1c27-4787-a706-092c099f1a27,kara.forex,available,11.98,133.98,high,low,4,namecheap,,,27/09/2026 16:38
fc84f199-2c7d-4c38-b403-16a5bdd65a36,awarded.forex,available,10.92,85.82,medium,low,7,dynadot,,,29/09/2026 05:30
6a80d69c-5101-43f1-946f-4d24baf7981f,warren.forex,available,11.98,133.98,high,low,6,namecheap,,,29/09/2026 00:43
08f74bba-90ca-46ba-afea-3aee6c71ef95,occupancy.forex,available,11.98,133.98,high,low,9,namecheap,,,02/10/2026 05:49
3d2940d2-9fc3-43a4-bb9a-60bf5760a5a7,tingling.forex,available,11.98,133.98,high,low,8,namecheap,,,11/09/2026 15:29
44f6348a-f2a9-40b2-aac2-f29d681fbe4d,scienter.forex,available,11.98,133.98,medium,low,8,namecheap,,,16/09/2026 00:44
68f3072e-caa6-471d-adc3-3d8df7063be1,intimidation.forex,available,10.81,82.9,medium,low,12,porkbun,,,30/09/2026 06:21
9afbb557-3975-4c5c-aa84-c87a7adf2764,pew.forex,available,11.98,133.98,high,low,3,namecheap,,,02/10/2026 04:22
41728a2d-df82-4a8d-9f76-cf1aa5b9e6b9,stainable.forex,available,11.98,133.98,low,low,9,namecheap,,,10/09/2026 18:12
1a6602e8-20cb-4b94-a2ea-34abcc6b5399,falkland.forex,available,10.55,83,medium,low,8,spaceship,,,28/09/2026 12:09
be94d453-aa4d-43f2-80b0-94d2b92102fd,enid.forex,available,10.55,83,medium,low,4,spaceship,,,28/09/2026 19:04
01a7af7b-0bc2-4220-9d12-6e1fce4a17ac,inverse.forex,available,11.98,133.98,high,low,7,namecheap,,,25/09/2026 11:05
34f267e2-22cb-499c-b601-925fe6cc9338,careers.forex,premium,5175.2,5175.2,high,low,7,spaceship,,,28/09/2026 23:00
ab691ca9-e17e-4e94-bc1a-f6eebe4754dd,carpets.forex,available,13.5,,medium,low,7,unstoppable,,,01/10/2026 00:43
641a71e2-0609-48b7-a0f4-2ff826b2f8f0,expedite.forex,available,13.5,,high,low,8,unstoppable,,,30/09/2026 19:31
6515c22f-4e30-44ed-bb38-02750716dbc0,cana.forex,available,10.92,85.82,high,low,4,dynadot,,,01/10/2026 23:47
a061e2b9-dae4-484a-b9bd-dfc9066f4a8c,rook.forex,available,11.98,133.98,high,low,4,namecheap,,,14/09/2026 07:54
1b856037-fa7b-4de5-b79c-a72a7ddc09f6,moistness.forex,available,19.99,129.99,medium,low,9,name.com,,,13/08/2026 16:47
96a6323a-ab94-47f5-a2a0-af455faebe2e,palate.forex,available,80.2,80.2,high,low,6,cloudflare,,,02/10/2026 16:19
0b1eef5f-e304-446a-ab92-9b188c6383b5,potomac.forex,available,13.5,,high,low,7,unstoppable,,,02/10/2026 06:07
e436588c-d7a0-407b-b420-ae97980b7df8,neel.forex,available,10.55,83,medium,low,4,spaceship,,,01/10/2026 20:23
26cf0737-3d8b-4284-892f-058a8ac41edf,luz.forex,available,80.2,80.2,medium,low,3,cloudflare,,,28/09/2026 21:47
fdbc9541-d6a1-4661-8bb2-25779ae12e8f,clubbish.forex,available,11.98,133.98,low,low,8,namecheap,,,12/08/2026 12:59
31d7c630-51d1-49cd-9d83-adcdddc9baeb,cablevision.forex,available,10.55,83,high,low,11,spaceship,,,02/10/2026 11:42
c42c42b9-e62f-410c-9990-52df0bf99bb4,knights.forex,available,80.2,80.2,high,low,7,cloudflare,,,27/09/2026 18:23
e954c9f1-cef5-4886-be7e-1e3c117bcf19,deafen.forex,available,19.99,129.99,medium,low,6,name.com,,,13/08/2026 19:44
61d3b7f4-347a-48ad-994b-53e70ddaf703,rigour.forex,available,11.98,133.98,medium,low,6,namecheap,,,20/09/2026 14:57
1536f088-f9f7-4aaa-9f1e-2b2ea8e76c4e,quintet.forex,available,11.98,133.98,high,low,7,namecheap,,,
58a6be26-e5d9-4943-bb35-ae94fd564b3a,commitments.forex,available,10.81,82.9,medium,low,11,porkbun,,,30/09/2026 07:30
05a3b2d7-2b13-4b42-aa5a-fe2e58464c79,knows.forex,available,80.2,80.2,medium,low,5,cloudflare,,,01/10/2026 18:35
1d82b72c-ca7f-4f38-88b0-e74bc9c9737a,solidly.forex,available,11.98,133.98,medium,low,7,namecheap,,,16/09/2026 04:03
58c81f59-627e-41ba-b6b5-ed154c81569c,reade.forex,available,10.55,83,medium,low,5,spaceship,,,30/09/2026 21:52
c9ff3f19-18b9-47c5-a1c3-b7566b010b4b,flowed.forex,available,11.98,133.98,medium,low,6,namecheap,,,02/10/2026 02:35
655b7bc1-6144-4607-b823-0db849070fe4,girlfriends.forex,available,80.2,80.2,medium,low,11,cloudflare,,,30/09/2026 06:17
308a2fa6-19f6-4981-82f8-7a597d68fddf,forcing.forex,available,13.5,,medium,low,7,unstoppable,,,28/09/2026 12:56
259b1dfa-cdfc-4476-b162-9b3feadcdfe3,intact.forex,available,11.98,133.98,high,low,6,namecheap,,,22/08/2026 07:49
6ef14e19-4d62-40a3-9f3c-f4eb599ded61,unfed.forex,available,11.98,133.98,medium,low,5,namecheap,,,12/09/2026 10:04
65da2b19-175f-48d1-a619-ddb308f5cd75,anamorphic.forex,available,11.98,133.98,medium,low,10,namecheap,,,
4b973717-d778-4c99-82e0-19f747c740d6,anvil.forex,available,11.98,133.98,high,low,5,namecheap,,,19/09/2026 15:57
ac15ba85-f634-4cbe-aef0-f5921d6f1f4f,futureless.forex,available,11.98,133.98,low,low,10,namecheap,,,18/08/2026 19:15
d9a65c7a-4f60-4677-bb56-961a93534a0c,likeable.forex,available,11.98,133.98,high,low,8,namecheap,,,23/08/2026 06:11
861be2ad-dcb8-48a0-b520-e39843846390,spangled.forex,available,11.98,133.98,high,low,8,namecheap,,,18/08/2026 21:17
baf6f5ee-e26a-4db4-a2f5-74e99fd45ccc,saturated.forex,available,11.98,133.98,medium,low,9,namecheap,,,09/09/2026 21:53
f1e9e851-dbb7-42ab-9bec-251151b7e72e,allow.forex,available,11.98,133.98,high,low,5,namecheap,,,06/08/2026 09:03
1e5aa169-ce9e-420b-a06d-46565f209c4d,pouf.forex,available,11.98,133.98,medium,low,4,namecheap,,,09/09/2026 08:13
35a8919d-0526-4130-9e82-db7e412416e7,abkhazia.forex,available,11.98,133.98,medium,low,8,namecheap,,,16/09/2026 16:03
e3cb6b0c-6a6a-48d0-a989-42d87d9389b6,rita.forex,available,11.98,133.98,high,low,4,namecheap,,,25/09/2026 19:01
14a372ff-92d8-41d6-9873-f160886c1495,mcdonald.forex,available,80.2,80.2,high,low,8,cloudflare,,,02/10/2026 13:39
b21a9b4f-8fbf-4460-a3d1-5b7df5ff8196,asia.forex,premium,1100,1100,high,low,4,dynadot,,,28/09/2026 22:29
ff22dda8-40cd-4b27-af7b-d1203d24cf51,chronic.forex,available,11.98,133.98,high,low,7,namecheap,,,12/08/2026 07:24
35be7b04-f7dd-452b-8b48-9b458c131441,maitland.forex,available,10.55,83,medium,low,8,spaceship,,,28/09/2026 01:57
c716411f-ac3e-4ebc-9db5-cdacfe2b7871,charabanc.forex,available,11.98,133.98,medium,low,9,namecheap,,,21/09/2026 05:58
2216a32b-34c8-44f1-b404-89bbdf77f4e5,transcript.forex,available,11.98,133.98,high,low,10,namecheap,,,25/09/2026 22:18
31f52d0c-d183-4e78-a9e6-6d874802564d,dickerson.forex,available,80.2,80.2,medium,low,9,cloudflare,,,29/09/2026 09:51
af943eb9-9558-4c01-9830-a0e20d771ffa,skateboarding.forex,available,19.99,,medium,low,13,name.com,,,
78968353-07fb-4283-9046-f35752fefba2,rockets.forex,available,11.98,133.98,medium,low,7,namecheap,,,28/09/2026 13:30
daa6cb87-2ea6-4626-98ea-80034f0e7eb0,capacitive.forex,available,11.98,133.98,medium,low,10,namecheap,,,11/08/2026 17:49
b200b1a3-9d99-48d3-ac09-a57263745930,skyway.forex,available,11.98,133.98,high,low,6,namecheap,,,17/09/2026 22:32
302641a3-00b9-41d7-935c-373c84772777,aigret.forex,available,19.99,129.99,medium,low,6,name.com,,,17/09/2026 20:56
7d3e1699-4af3-4ef0-b281-a1d35a4edf26,supra.forex,available,11.98,133.98,high,low,5,namecheap,,,
7c653f26-57cb-4b6b-a07b-b19bb1e80aba,corrections.forex,available,11.98,133.98,high,low,11,namecheap,,,17/09/2026 22:27
a34f5bad-69f8-449a-b0f4-1b38f88eff00,counterpoint.forex,available,10.55,83,high,low,12,spaceship,,,02/10/2026 17:43
43891347-eb2e-4551-a729-74f64238a74b,frye.forex,available,10.55,83,medium,low,4,spaceship,,,28/09/2026 19:16
8ea27f39-f94a-4587-8946-cf0a1a7386a9,bass.forex,available,19.99,129.99,high,low,4,name.com,,,22/09/2026 18:00
3486a038-305e-4200-9520-2d71625e349e,reliever.forex,available,19.99,129.99,high,low,8,name.com,,,18/09/2026 10:02
a5a98f8e-b9f8-4c71-8340-8854fdf1fe27,legibly.forex,available,11.98,133.98,medium,low,7,namecheap,,,14/09/2026 11:06
b9580064-b913-415e-8400-af4e878a509a,succinctly.forex,available,11.98,133.98,medium,low,10,namecheap,,,16/09/2026 07:34
ecb8e80e-2bed-4b3c-b160-e17ee846b8e9,serious.forex,available,11.98,133.98,high,low,7,namecheap,,,24/09/2026 23:04
108d6efe-a8a7-4267-a646-dfb9b4346ae8,mortal.forex,available,19.99,129.99,high,low,6,name.com,,,13/08/2026 19:33
5bf7639e-ebb8-4c4f-b557-05ccb1dcdb8c,sufficient.forex,available,10.55,83,high,low,10,spaceship,,,28/09/2026 01:52
b362b0a5-2bf3-4a5e-bd02-e0d5c657fda6,controversial.forex,available,80.2,80.2,medium,low,13,cloudflare,,,01/10/2026 04:00
daeb9209-eed1-4fa1-bf5a-244cc2ff69fb,restrain.forex,available,80.2,80.2,medium,low,8,cloudflare,,,30/09/2026 03:00
422ef146-616b-46a9-af20-9fb6268bfeba,minerva.forex,available,80.2,80.2,high,medium,7,cloudflare,,,30/09/2026 18:03
5728b754-9e19-42ac-921f-a3afe93daa13,rockingham.forex,available,10.92,85.82,medium,low,10,dynadot,,,28/09/2026 13:42
522c15a4-58dd-46bb-9663-7c6f300bed71,affirmations.forex,available,11.98,133.98,medium,low,12,namecheap,,,21/09/2026 01:56
7a67ea8f-33bd-4a40-883b-a7a808471619,norwood.forex,available,11.98,133.98,high,low,7,namecheap,,,25/09/2026 16:11
63d65a7c-60f7-4d52-a620-21a5f48dbeff,solicitor.forex,available,13.5,,high,low,9,unstoppable,,,01/10/2026 01:16
1d05ac5c-f202-423f-85a4-86927c3e53ab,kneel.forex,available,10.55,83,high,low,5,spaceship,,,30/09/2026 10:21
d19e9114-a3ac-48ad-84d0-0f9eeb15a396,spine.forex,available,80.2,80.2,high,low,5,cloudflare,,,28/09/2026 17:17
26db6979-70c3-42e8-8343-65b9b4cc27b6,wellesley.forex,available,11.98,133.98,medium,low,9,namecheap,,,27/09/2026 08:52
f8a93797-3313-404c-9a34-835e634c3511,freeing.forex,available,13.5,,high,low,7,unstoppable,,,30/09/2026 17:23
7174a964-f304-4440-b1c8-835bcf542691,tameable.forex,available,11.98,133.98,medium,low,8,namecheap,,,11/09/2026 07:38
33fa6b6d-3794-4e64-97a7-46197846cd54,protocols.forex,available,11.98,133.98,medium,low,9,namecheap,,,19/09/2026 04:47
ad5f2700-2412-4adc-859b-a0b0645ff928,atmospheric.forex,available,80.2,80.2,high,low,11,cloudflare,,,29/09/2026 21:02
842688ef-6f50-4cf3-a04b-b508006c634c,trna.forex,available,11.98,133.98,high,low,4,namecheap,,,16/09/2026 22:03
dcc21ce3-eb1b-4de8-a934-7f394ca0f006,decent.forex,available,11.98,133.98,high,low,6,namecheap,,,09/08/2026 06:17
d94a4f0d-0f0e-4292-a12c-3407784d74e4,digitate.forex,available,11.98,133.98,medium,low,8,namecheap,,,14/08/2026 07:19
d8cf4f5a-fb8c-4eb8-b98e-f613ea16b23a,achilles.forex,available,11.98,133.98,high,low,8,namecheap,,,17/09/2026 00:40
8590fa40-0b79-4911-a167-79c52f429a1f,chromium.forex,available,11.98,133.98,medium,low,8,namecheap,,,20/09/2026 22:39
8533376e-f129-4fc7-93e8-bce809ef1f41,lxxxi.forex,available,11.98,133.98,medium,low,5,namecheap,,,
18a06f90-48a4-4e8d-a4b5-6d7441013466,pegged.forex,available,11.98,133.98,medium,low,6,namecheap,,,30/09/2026 16:20
52e1f6a7-31a6-4fdf-a033-fe7b123f7eb1,aflcio.forex,available,11.98,133.98,medium,low,7,namecheap,,,17/09/2026 15:05
ab005ec7-1a7d-4b95-8697-0910bce7c666,farm.forex,available,10.55,83,high,low,4,spaceship,,,29/09/2026 18:58
8bc996ea-2b9f-470b-8253-37a7238811e8,epical.forex,available,11.98,133.98,medium,low,6,namecheap,,,17/08/2026 10:29
51cd7935-55d2-40fa-bb04-f54102655121,daytona.forex,available,10.92,85.82,high,low,7,dynadot,,,28/09/2026 04:21
bc43727f-afa4-43e9-acae-50a250c5251f,punjab.forex,available,11.98,133.98,high,low,6,namecheap,,,27/09/2026 05:06
1ebbf186-7f02-4f97-8b26-e9780f2643f8,unannounced.forex,available,10.55,83,medium,low,11,spaceship,,,02/10/2026 01:44
5edebb9d-a4fc-433f-b246-204a2d3a603d,favour.forex,available,11.98,133.98,high,low,6,namecheap,,,25/09/2026 05:51
5944d0c1-3f4c-4069-ae38-01e599a2d53d,citizens.forex,available,11.98,133.98,high,low,8,namecheap,,,18/09/2026 15:13
76482781-d4b1-4d9e-a136-67a4dfcdcf7e,contradiction.forex,available,13.5,,medium,low,13,unstoppable,,,29/09/2026 15:55
ce2fdac2-9442-4065-b776-161f7326451a,pentium.forex,available,10.55,83,high,low,7,spaceship,,,01/10/2026 11:44
0af94572-6017-4aee-9d8d-370a60d8318f,ahorse.forex,available,11.98,133.98,medium,low,6,namecheap,,,
04b9707b-8fd2-4343-bbb5-35eedf838591,abandoned.forex,available,11.98,133.98,high,low,9,namecheap,,,21/09/2026 13:36
d3fa07aa-2459-420d-b02e-9d734d4f8eec,bowels.forex,available,10.55,83,medium,low,6,spaceship,,,01/10/2026 18:47
3074d5c7-b754-482e-8a5c-da80d6467fd0,qian.forex,available,10.55,83,high,low,4,spaceship,,,29/09/2026 10:05
1cf02006-bbfc-40ec-9ec2-9c4d3408ea1b,provo.forex,available,10.55,83,high,low,5,spaceship,,,29/09/2026 01:55
6fd4e52b-654a-4a0d-97a5-2ea6b942abef,honourable.forex,available,11.98,133.98,high,low,10,namecheap,,,21/08/2026 13:34
c49f3c0a-3eea-440c-a2ac-99136415ff07,tokugawa.forex,available,80.2,80.2,low,low,8,cloudflare,,,28/09/2026 09:08
206be429-9d29-4ca2-adaf-d3e7b4d902b4,detest.forex,available,10.81,82.9,medium,low,6,porkbun,,,29/09/2026 22:18
e98ca117-3d61-49dd-815c-e1cfd8348d02,bassoonist.forex,available,11.98,133.98,medium,low,10,namecheap,,,22/09/2026 12:33
ccaa357b-1d0b-45f2-9277-bc483cabd17b,vapor.forex,available,80.2,80.2,high,low,5,cloudflare,,,29/09/2026 18:48
258358d7-39ad-4264-be06-3a5a10e4bbed,banditry.forex,available,11.98,133.98,medium,low,8,namecheap,,,22/09/2026 01:24
1016e1d6-b554-4428-a602-3e401ca225e1,dishonest.forex,available,11.98,133.98,medium,low,9,namecheap,,,11/08/2026 03:44
77228c4d-0325-40bb-ae04-565a00ffb174,pillock.forex,available,11.98,133.98,low,low,7,namecheap,,,10/09/2026 23:13
bbadb627-6800-4d2f-b1ef-83bf0e0ecadb,prizes.forex,available,11.98,133.98,medium,low,6,namecheap,,,20/09/2026 04:19
2688747e-62c3-4829-b1c6-db7b78e767c8,hendrick.forex,available,80.2,80.2,medium,low,8,cloudflare,,,29/09/2026 10:54
25d52356-43bc-4d92-84e0-5b71ae873fbb,bemock.forex,available,11.98,133.98,medium,low,6,namecheap,,,25/08/2026 02:26
101ef91f-75b8-433e-bd30-74f940afa8be,tunas.forex,available,11.98,133.98,medium,low,5,namecheap,,,19/09/2026 22:09
79dcb766-140e-43ba-97b8-f24705ac0fb2,wylie.forex,available,80.2,80.2,medium,low,5,cloudflare,,,28/09/2026 13:59
263d946a-930e-40ec-bfb6-55ec34066c3c,diminishing.forex,available,11.98,133.98,high,low,11,namecheap,,,01/10/2026 22:29
daee1c07-9b6e-40d4-8e17-24d175a2be79,storytelling.forex,available,10.55,83,high,low,12,spaceship,,,02/10/2026 11:52
82483c1d-ceca-4915-ad45-a792777fb99f,caleb.forex,available,11.98,133.98,high,low,5,namecheap,,,27/09/2026 11:16
131089ca-2a4f-44d3-bfda-04b1ceaf97f1,everything.forex,available,13.5,,high,medium,10,unstoppable,,,01/10/2026 00:54
9b8308d1-9402-40b9-aae6-9537a700450c,rules.forex,available,13.5,,high,low,5,unstoppable,,,03/10/2026 02:08
3037becc-0cdb-495f-ad13-b6acf3b1c638,archway.forex,available,11.98,133.98,high,low,7,namecheap,,,20/09/2026 02:39
70119a70-b5a4-4b2a-9290-6d3f7e442977,completely.forex,available,11.98,133.98,high,low,10,namecheap,,,22/09/2026 00:16
bc9c02b8-7476-4a95-b465-b8c70774cdfa,boosted.forex,available,10.55,83,medium,low,7,spaceship,,,02/10/2026 23:27
d3bad465-39ec-4749-8721-afbd452749a6,petallike.forex,available,11.98,133.98,medium,low,9,namecheap,,,08/09/2026 18:13
3d1d425c-aff5-4b56-a58e-f30d241b3eb0,insurable.forex,available,11.98,133.98,high,low,9,namecheap,,,22/08/2026 07:40
b61948b0-ef23-4024-9a0d-13992de7bd58,vie.forex,available,13.5,,high,low,3,unstoppable,,,30/09/2026 17:35
9b968d61-a15b-4610-8b57-7adec5a77372,ksi.forex,available,11.98,133.98,medium,low,3,namecheap,,,03/10/2026 03:50
87168c79-57ab-4633-b16f-3892af16410a,maris.forex,available,10.55,83,high,low,5,spaceship,,,30/09/2026 05:12
4f7cf642-c763-4190-b5a6-20599eba2b9a,antimony.forex,available,11.98,133.98,medium,low,8,namecheap,,,19/09/2026 14:45
79bfbae9-260c-49a4-a0ee-b11a996076e4,ventilator.forex,available,13.5,,high,low,10,unstoppable,,,02/10/2026 23:41
d659f8ee-b7fb-48e5-ad4f-c6479b09b27a,liner.forex,available,10.55,83,high,low,5,spaceship,,,30/09/2026 02:08
f56cff11-6a27-466e-b4ca-f95acdf79c9e,jointly.forex,available,80.2,80.2,medium,low,7,cloudflare,,,28/09/2026 14:08
8f911cd4-da82-4f31-a76d-936cc04fae74,patients.forex,available,11.98,133.98,high,low,8,namecheap,,,25/09/2026 21:13
50d1fd28-4e62-424e-9df4-d8af10097a7f,ravens.forex,available,80.2,80.2,medium,low,6,cloudflare,,,30/09/2026 07:01
f79ca3a2-ee11-44f8-b0db-9043a9ac7a77,cancel.forex,available,10.92,85.82,medium,low,6,dynadot,,,29/09/2026 06:25
7d363541-aea2-4723-abad-3671f4662ba1,csp.forex,available,13.5,,high,low,3,unstoppable,,,30/09/2026 21:01
cab67c5d-8821-4efe-a608-ffa43d41118f,verona.forex,available,11.98,133.98,high,low,6,namecheap,,,27/09/2026 05:51
baff8ad9-7c4d-4c93-ab4c-5d3fe6d37592,deflection.forex,available,11.98,133.98,high,low,10,namecheap,,,24/09/2026 21:20
7955278d-eb49-45ff-8beb-782f15719193,nonsteroid.forex,available,11.98,133.98,medium,low,10,namecheap,,,03/09/2026 20:43
6dcde1a9-bd7c-4278-8d02-5d23471d8053,goldie.forex,available,10.55,83,high,low,6,spaceship,,,01/10/2026 06:46
d9bac5be-7bf4-450a-a27f-214e5ea18044,beverage.forex,available,13.5,83,high,low,8,unstoppable,,,01/10/2026 03:28
dae5b1f4-0751-4c30-a8cd-6af6b8c42253,highway.forex,available,13.5,,high,low,7,unstoppable,,,29/09/2026 22:47
5949e458-b30b-44fa-92ce-798c2bc4b97a,farnborough.forex,available,10.92,85.82,medium,low,11,dynadot,,,02/10/2026 20:35
97763034-078c-4dc2-99cd-f0cea50eb3e1,snaps.forex,available,11.98,133.98,medium,low,5,namecheap,,,18/09/2026 11:55
7b5fde76-c68b-4d54-abfa-9072ccd38b36,parhelic.forex,available,11.98,133.98,medium,low,8,namecheap,,,08/09/2026 01:31
107bc157-884c-44d3-b75d-bafd41cd55b3,silken.forex,available,11.98,133.98,high,low,6,namecheap,,,09/09/2026 21:43
e97c70ed-293c-484c-b8bf-a8bdf5126078,coating.forex,available,80.2,80.2,high,low,7,cloudflare,,,30/09/2026 01:04
78f2161b-c3de-400c-87ad-035728c1ecb5,walt.forex,available,11.98,133.98,high,low,4,namecheap,,,25/09/2026 12:09
35f54b5d-439c-4e00-bede-83519afb1e26,confluent.forex,available,11.98,133.98,high,low,9,namecheap,,,12/08/2026 21:07
6624267d-6078-4954-87fa-d76ae8cfc82a,fetal.forex,available,11.98,133.98,high,low,5,namecheap,,,18/08/2026 02:16
1a58078e-acb9-480d-9262-6000e901adf1,contracting.forex,available,10.55,83,high,low,11,spaceship,,,02/10/2026 01:29
7ade89f8-0500-4e73-a9aa-413a90a5d311,jovian.forex,available,11.98,133.98,medium,low,6,namecheap,,,22/08/2026 14:02
5bdedb4b-7854-4687-b91a-95b563ad635f,adiabatic.forex,available,11.98,133.98,medium,low,9,namecheap,,,
42fe3ff5-f08d-4e96-81d9-41ffca44f3db,guizhou.forex,available,80.2,80.2,medium,low,7,cloudflare,,,02/10/2026 20:02
9b8b9a33-79a1-4398-b072-8df6f66a8ff3,shambles.forex,available,19.99,129.99,medium,low,8,name.com,,,16/09/2026 14:17
11611ef5-9475-450f-aba6-c9f73a94697e,whorled.forex,available,11.98,133.98,medium,low,7,namecheap,,,12/08/2026 16:18
61d7eea3-c9aa-4d3c-99de-6e2abb0112cd,sommer.forex,available,10.55,83,high,low,6,spaceship,,,29/09/2026 21:09
c9f02659-df20-4604-97d1-1081a01f7040,moresque.forex,available,11.98,133.98,medium,low,8,namecheap,,,25/08/2026 06:01
ca873db6-b9a6-41f9-be9a-013010f3e9d8,mortuary.forex,available,11.98,133.98,medium,low,8,namecheap,,,25/08/2026 06:40
7cc7eedf-ac75-42d5-9246-d5f585cb8c41,squashed.forex,available,11.98,133.98,medium,low,8,namecheap,,,10/09/2026 17:31
70c7954f-5192-48a2-a07d-3339c318c688,reject.forex,available,19.99,129.99,high,low,6,name.com,,,24/09/2026 20:15
38b08b2a-4e90-4f4f-9afc-363e9044c90a,malian.forex,available,11.98,133.98,high,low,6,namecheap,,,24/08/2026 14:00
5526c06c-2c2d-436d-99ec-b9472d2dc77c,mccarthy.forex,available,11.98,133.98,high,low,8,namecheap,,,25/09/2026 08:04
2daf3d89-77e0-4c7b-afbf-ccdb6c9ac4f5,rankine.forex,available,10.81,82.9,medium,low,7,porkbun,,,02/10/2026 16:29
c18975fe-8b91-4784-bfbd-2bdc8d3c269b,voices.forex,available,19.99,,medium,low,6,name.com,,,
de733ca8-6f4e-4152-b495-9b0f79028537,cabinet.forex,available,11.98,133.98,high,low,7,namecheap,,,24/09/2026 11:32
4a91abf9-eee9-4041-b3b3-ffc4e221227f,thieves.forex,available,11.98,133.98,medium,low,7,namecheap,,,16/09/2026 11:41
ef0e2dbb-93e5-4871-a4c3-856fd959456f,cubistic.forex,available,11.98,133.98,medium,low,8,namecheap,,,13/08/2026 10:05
21ac0092-7bd4-455c-a07d-45a8f0bdf735,consequent.forex,available,11.98,133.98,high,low,10,namecheap,,,
13bb3057-f93e-4f57-a8a6-677518921675,ste.forex,available,11.98,133.98,high,low,3,namecheap,,,27/09/2026 07:49
4cad6191-8b73-4148-b584-e80b0ea1cc0f,numb.forex,available,11.98,133.98,medium,low,4,namecheap,,,22/09/2026 19:39
8c474ae3-1916-47b0-b140-a492efa5f639,moore.forex,available,10.55,83,high,low,5,spaceship,,,27/09/2026 13:11
21614340-8f77-4e9d-b2ea-da1f553147bd,vial.forex,available,19.99,129.99,high,low,4,name.com,,,18/09/2026 23:48
b0ab3d9b-9d12-40fd-a910-764c78dd2ad3,delacroix.forex,available,11.98,133.98,high,low,9,namecheap,,,02/10/2026 14:50
c6f4ce73-c548-4003-8485-2bb99814e677,rosenbaum.forex,available,10.55,83,high,low,9,spaceship,,,30/09/2026 05:15
886645e9-b578-4cdd-80ef-687589fda8dd,wiped.forex,available,13.5,,low,low,5,unstoppable,,,28/09/2026 04:58
adfa53f7-6019-4b7b-8d80-eaddb8dfb494,uniforms.forex,available,10.55,83,medium,low,8,spaceship,,,28/09/2026 00:32
57633c1b-71d2-41c9-a44a-ac38a07c1c85,wards.forex,available,10.55,83,medium,low,5,spaceship,,,30/09/2026 06:54
690ae63e-3fa7-4f41-a7a0-cf7bd1dba9df,spiritous.forex,available,11.98,133.98,medium,low,9,namecheap,,,10/09/2026 16:00
5869d3d7-6de2-478f-b44f-862646f8e11d,sands.forex,available,11.98,133.98,high,low,5,namecheap,,,24/08/2026 07:38
6255b674-48ca-48b7-83ab-4e88fc71cd29,fulminant.forex,available,11.98,133.98,medium,low,9,namecheap,,,18/08/2026 18:18
bc8f3744-2b5b-4566-8445-702692cfe9b5,steely.forex,available,11.98,133.98,medium,low,6,namecheap,,,10/09/2026 19:47
1e3ecb69-a7cc-4442-b68f-212e0513aebc,littoral.forex,available,11.98,133.98,medium,low,8,namecheap,,,24/08/2026 07:35
3cd2851b-e944-4ae4-a23a-2b20db2b71df,mil.forex,available,11.98,133.98,high,low,3,namecheap,,,11/08/2026 22:57
3cea3210-a690-4308-9461-534bae90f48b,sparkle.forex,available,80.2,80.2,high,low,7,cloudflare,,,01/10/2026 01:34
e6d2eaec-5592-418e-aae3-8c6fbf04e115,foetid.forex,available,11.98,133.98,medium,low,6,namecheap,,,18/08/2026 02:26
5153d9f4-347f-40fa-bfe6-08c16d5e9362,baseplate.forex,available,19.99,,medium,low,10,name.com,,,
dd4b0ca4-e136-498f-8430-bd114dc554c4,impeccable.forex,available,11.98,133.98,high,low,10,namecheap,,,18/08/2026 00:09
66352be6-40c9-43f4-855b-7edcd710c071,laptops.forex,available,11.98,133.98,medium,low,7,namecheap,,,20/09/2026 12:33
da1ac68b-7c82-42f8-87c0-a470a14c366d,elderberry.forex,available,11.98,133.98,medium,low,10,namecheap,,,24/09/2026 00:39
8315ef66-c299-494b-ac0f-c8b03048785c,fulton.forex,available,11.98,133.98,high,low,6,namecheap,,,25/09/2026 06:12
36dba58d-be08-4d83-8537-f9b0f31cb766,leopard.forex,available,80.2,80.2,high,low,7,cloudflare,,,28/09/2026 06:09
57c2f15d-a32b-47cb-a595-6fd85eb58b41,bedclothes.forex,available,11.98,133.98,high,low,10,namecheap,,,22/09/2026 22:48
0ca05bdc-514a-416c-b4aa-2eb6f1dfb2bc,stepping.forex,available,11.98,133.98,high,low,8,namecheap,,,16/09/2026 15:33
22483515-eaaf-4b9c-bd33-6df972d4dc2e,stunting.forex,available,11.98,133.98,medium,low,8,namecheap,,,17/09/2026 12:54
bf3059d2-c4b6-4760-a3f6-32d412e506ee,argyll.forex,available,11.98,133.98,medium,low,6,namecheap,,,20/09/2026 04:56
ce449ad5-b5fe-41e9-893f-840c2c4879d3,fertility.forex,available,11.98,133.98,high,low,9,namecheap,,,23/09/2026 21:05
551df3aa-af94-40d2-9c85-478656cdf599,acyclovir.forex,available,11.98,133.98,medium,low,9,namecheap,,,17/09/2026 05:41
7a5c6024-e4b5-41d3-bef1-3aeb8bd71673,bert.forex,available,11.98,133.98,high,low,4,namecheap,,,25/09/2026 14:48
4451efe3-55f9-4189-98e9-6717e12bd060,sinclair.forex,available,11.98,133.98,high,low,8,namecheap,,,25/09/2026 04:16
ecaed955-da25-4456-a9c8-1412eaa76e01,combustion.forex,available,11.98,133.98,high,low,10,namecheap,,,11/08/2026 10:57
6a8f3e02-bed9-448b-8548-5c3d16903997,kowalski.forex,available,10.55,83,medium,low,8,spaceship,,,02/10/2026 12:31
b55f2a4d-5471-4d02-835f-5309618871b3,cuspid.forex,available,11.98,133.98,medium,low,6,namecheap,,,11/08/2026 17:03
13dad213-13a7-4dbc-a348-20254577c72a,serb.forex,available,11.98,133.98,high,low,4,namecheap,,,10/09/2026 04:35
0f744f15-7f26-431a-8365-b4b97090d4d9,aftercare.forex,available,11.98,133.98,high,low,9,namecheap,,,17/09/2026 15:35
9c5b6c8d-131a-4bd6-afb4-6611a2839802,thumb.forex,available,11.98,133.98,high,low,5,namecheap,,,25/09/2026 22:48
361120cb-cbd9-42e5-878d-4d7fb904d507,annotation.forex,available,11.98,133.98,high,low,10,namecheap,,,19/09/2026 10:38
fd184f3f-6d54-4514-a7af-600e6de2e89e,pump.forex,available,19.99,129.99,high,medium,4,name.com,,,25/09/2026 10:10
f867e847-b2fc-4e16-91b6-59ff0fcaa74d,grub.forex,available,11.98,133.98,high,low,4,namecheap,,,11/08/2026 09:30
33f88916-119c-4c90-b5dd-fdd6aa515402,giddy.forex,available,11.98,133.98,medium,low,5,namecheap,,,
c75c6c56-c619-42a9-a0d4-511ab05a77ba,shu.forex,available,11.98,133.98,high,low,3,namecheap,,,27/09/2026 21:11
52d41260-9a1c-45ae-a68e-d06af34ecfad,distant.forex,available,11.98,133.98,high,low,7,namecheap,,,22/09/2026 02:03
f54aa1c3-fdb5-403b-b6e3-c8b7d7dc681b,luculent.forex,available,11.98,133.98,medium,low,8,namecheap,,,24/08/2026 10:52
e672fe33-f5af-4c91-8285-e685ac2ef4ea,compiling.forex,available,10.55,83,high,low,9,spaceship,,,02/10/2026 14:44
dcce7f72-8534-4dfc-9dd0-cf260f8ef1d4,bilinear.forex,available,11.98,133.98,high,low,8,namecheap,,,09/08/2026 21:20
bfe0bc49-dd8b-4167-a63c-cb389ca25baf,awheel.forex,available,11.98,133.98,medium,low,6,namecheap,,,08/08/2026 01:05
b34f9fb5-3276-414b-8f23-d51f54ac219a,cautionary.forex,available,11.98,133.98,medium,low,10,namecheap,,,
37d55023-a473-44e3-a8c4-5d19d792d9db,olof.forex,available,80.2,80.2,medium,low,4,cloudflare,,,02/10/2026 00:16
ab0eee08-cfb5-4d35-8888-d70e3d2f9f66,volts.forex,available,10.55,83,medium,low,5,spaceship,,,02/10/2026 03:43
84aff0d7-91e7-4b05-8276-19a10c4521d6,duplicated.forex,available,13.5,,medium,low,10,unstoppable,,,02/10/2026 13:59
61c67685-24f4-49b9-90eb-42f0b6a1e169,hun.forex,available,10.55,83,high,low,3,spaceship,,,30/09/2026 16:28
9f4f6a52-631a-4ec7-b123-acfe25211c1f,stokes.forex,available,10.55,83,medium,low,6,spaceship,,,28/09/2026 22:21
7f018ab4-9eaf-40d4-95d4-d9d80d9992c0,troubling.forex,available,11.98,133.98,medium,low,9,namecheap,,,14/08/2026 13:19
dbb4ae8b-4558-46f6-a500-9388fc4be32b,baudelaire.forex,available,11.98,133.98,high,low,10,namecheap,,,22/09/2026 16:35
b7d9a191-a9e9-4f8b-ae0c-8706f5b6a73e,perception.forex,available,10.55,83,high,low,10,spaceship,,,28/09/2026 10:42
4c9e352f-9830-4bca-82f5-2de4e755c485,recalling.forex,available,11.98,133.98,high,low,9,namecheap,,,02/10/2026 21:33
805ddbac-2827-4a63-8f64-c4e366cf7cc1,arianrhod.forex,available,11.98,133.98,medium,low,9,namecheap,,,20/09/2026 05:14
6ca1a6cf-3cda-44f0-bda0-8aa7fcd5b63b,kenneth.forex,available,11.98,133.98,high,low,7,namecheap,,,25/09/2026 19:13
b760a00a-0df8-4ddc-8e81-ff019b37964c,geographical.forex,available,13.5,,high,low,12,unstoppable,,,29/09/2026 21:14
e287d809-209c-4e3d-803e-983e0264c327,arnica.forex,available,11.98,133.98,high,low,6,namecheap,,,20/09/2026 08:11
c8ebdf79-f7c0-4fd2-81e3-b5d710525d2e,mindless.forex,available,11.98,133.98,medium,low,8,namecheap,,,07/08/2026 02:48
0d4a41ac-420a-45e1-b5bd-10972a173804,backtalk.forex,available,11.98,133.98,medium,low,9,namecheap,,,21/09/2026 14:51
3d23d301-ab02-4d3f-8935-32cdf5280e0d,ototoxic.forex,available,11.98,133.98,medium,low,8,namecheap,,,04/09/2026 18:36
802a2efe-2a04-4fb3-b783-b2127ac25486,deejay.forex,available,13.5,,high,low,6,unstoppable,,,01/10/2026 18:26
88189a36-12e8-4cef-bc3e-10c98f59b7ea,anhydrous.forex,available,11.98,133.98,medium,low,9,namecheap,,,
f2455882-cad2-41ce-9674-4824edcc4cca,acr.forex,available,80.2,80.2,high,low,3,cloudflare,,,02/10/2026 19:10
69d7062e-75bd-42bf-8f1d-500b87d09995,breadfruit.forex,available,11.98,133.98,high,low,10,namecheap,,,20/09/2026 11:57
5184f3b5-48c0-4974-a5c6-9e0a517a3aa7,carp.forex,available,10.55,83,medium,low,4,spaceship,,,01/10/2026 18:55
e520aa1e-140d-4598-bbca-cf66c2243716,uterine.forex,available,11.98,133.98,medium,low,7,namecheap,,,13/09/2026 00:02
48457099-3ec5-4f6b-b196-6a659a6a489e,gamblers.forex,available,80.2,80.2,medium,low,8,cloudflare,,,02/10/2026 23:21
f310b873-340b-4202-8524-923c12e0eeec,frightened.forex,available,11.98,133.98,medium,low,10,namecheap,,,18/08/2026 15:37
dbc0a678-29c8-4e52-8fd8-b19bed940310,spoil.forex,available,11.98,133.98,high,low,5,namecheap,,,09/09/2026 08:16
0299dad1-1516-47ce-aca9-b6d87e455461,district.forex,available,13.5,,high,low,8,unstoppable,,,29/09/2026 16:18
fc368b1e-bfc7-40c4-95bf-22f6376e5dac,leaps.forex,available,13.5,,medium,low,5,unstoppable,,,02/10/2026 02:47
d177f392-917f-4181-8ac2-dd6ad6f88db2,vineyards.forex,available,11.98,133.98,medium,low,9,namecheap,,,01/10/2026 17:18
e2ff3233-a246-4e64-97ee-3739c6067654,convinced.forex,available,10.55,83,high,low,9,spaceship,,,01/10/2026 19:46
475dd60a-7b35-485f-8a8c-f651d9c04726,taurine.forex,available,11.98,133.98,medium,low,7,namecheap,,,11/09/2026 09:15
30d5866a-80c6-4298-8555-552641e4f57f,shopworn.forex,available,11.98,133.98,medium,low,8,namecheap,,,08/08/2026 11:06
9b30479b-9709-46b5-a374-97215e58b19a,nbl.forex,available,13.5,,high,low,3,unstoppable,,,01/10/2026 23:39
7d2065e1-9995-4309-9e97-26d921351372,bosomed.forex,available,11.98,133.98,medium,low,7,namecheap,,,10/08/2026 20:23
b89b5e00-4ea0-461e-b4c3-6d3f13b23707,seemly.forex,available,11.98,133.98,medium,low,6,namecheap,,,09/08/2026 06:27
dc457f83-a453-4228-8cf7-5dea5979827b,neville.forex,available,11.98,133.98,high,low,7,namecheap,,,25/09/2026 18:10
5246faef-1f86-4065-a952-f9e35e036da3,westlake.forex,available,19.99,,high,low,8,name.com,,,
78c01554-dff1-4ade-a799-004984be4ca3,authorship.forex,available,11.98,133.98,high,low,10,namecheap,,,21/09/2026 05:26
8b969787-b4d7-46eb-ab38-1ddcc968f394,playwright.forex,available,10.55,83,high,low,10,spaceship,,,30/09/2026 09:24
d7480a5b-5956-4728-bfec-674984faf5fe,swastika.forex,available,10.55,83,medium,low,8,spaceship,,,29/09/2026 21:59
698f6b3f-d92b-4967-ae80-25fd7d8c1f75,pores.forex,available,10.55,83,low,low,5,spaceship,,,30/09/2026 14:43
9fa7fb3a-88e2-424b-90ea-79fdd70e50ed,algren.forex,available,11.98,133.98,medium,low,6,namecheap,,,18/09/2026 07:18
227b2df8-a793-4913-a36d-62933380b0d3,accumulate.forex,premium,1250,1250,high,low,10,name.com,,,12/08/2026 16:47
da3d60f5-b0f2-4f2a-b6a4-5589bb5e3ad1,shipping.forex,available,10.55,83,high,low,8,spaceship,,,02/10/2026 13:00
4c8c78f1-7e23-4958-89e1-e516900e5199,mangonel.forex,available,11.98,133.98,medium,low,8,namecheap,,,20/09/2026 00:37
6091bfbc-4e89-4d5e-9eb0-c27d0535dad1,pith.forex,available,11.98,133.98,high,low,4,namecheap,,,14/09/2026 23:55
7c9e3fd0-6447-48e6-b7cf-e9d37bfa6654,herds.forex,available,11.98,133.98,medium,low,5,namecheap,,,19/09/2026 20:40
f416378a-5c25-4605-ae64-b492570a7d0f,beryl.forex,available,11.98,133.98,medium,low,5,namecheap,,,23/09/2026 10:23
d3b3d9e6-b45b-42e6-90f6-3af1e83bbfd0,barony.forex,available,11.98,133.98,medium,low,6,namecheap,,,22/09/2026 07:36
ac014576-84fb-4cc0-a47d-c3bbff60fa19,bowling.forex,available,11.98,133.98,high,low,7,namecheap,,,27/09/2026 03:22
3f21d1f3-9bee-4571-b97e-9df238ef074c,wingless.forex,available,11.98,133.98,medium,low,8,namecheap,,,13/09/2026 12:31
7279b532-32a5-4a76-a766-78e98e81eb91,dogwalking.forex,available,11.98,133.98,high,low,10,namecheap,,,18/09/2026 19:10
9ac6a8dd-7968-49f8-b040-564c8834cf68,prater.forex,available,11.98,133.98,medium,low,6,namecheap,,,21/09/2026 12:26
8d99934a-bf8c-49b5-9491-70af619e2c74,throughout.forex,available,11.98,133.98,medium,low,10,namecheap,,,17/08/2026 00:49
4e46ee65-2108-4dde-9a23-a892823be6b5,demands.forex,available,11.98,133.98,low,low,7,namecheap,,,27/09/2026 10:52
1352d942-f43f-4507-8388-cfe6398bafd7,sound.forex,available,11.98,133.98,high,medium,5,namecheap,,,02/10/2026 13:34
74ea420f-90d4-4509-aac0-85fe75bea7fd,laureate.forex,available,11.98,133.98,high,low,8,namecheap,,,22/08/2026 20:57
5b4a2176-a144-4a1e-9166-6e25267adc52,styria.forex,available,10.55,83,medium,low,6,spaceship,,,30/09/2026 21:45
eab0f52b-8a03-48f3-951e-faf44d294a2e,cents.forex,available,11.98,133.98,high,low,5,namecheap,,,18/09/2026 18:36
923d2f39-bc12-461d-a5ab-6bd5a15d6543,dooley.forex,available,10.55,83,high,low,6,spaceship,,,30/09/2026 12:47
c77a1735-28b1-4f94-969f-2d90005c3339,reggio.forex,available,10.55,83,medium,low,6,spaceship,,,30/09/2026 12:52
02635adc-0319-4c5f-991e-d9a89eb6a6b5,uttermost.forex,available,11.98,133.98,high,low,9,namecheap,,,17/08/2026 22:44
5ed948d1-2900-443c-8e5b-ed7333d25a22,incapable.forex,available,11.98,133.98,medium,low,9,namecheap,,,22/08/2026 00:49
8ba32ec0-72b7-48dc-9ea5-75a2ce07de49,perspective.forex,available,11.98,133.98,high,low,11,namecheap,,,02/10/2026 22:54
6886dd91-3167-4628-a442-100d3b65eed2,contagious.forex,available,11.98,133.98,high,low,10,namecheap,,,11/08/2026 21:18
473af811-e60e-406d-8b7f-5fba7bbdcc10,debut.forex,available,11.98,133.98,high,low,5,namecheap,,,24/09/2026 21:09
4ef27f47-fda8-4d4f-8d90-f89a9a63352a,loneliness.forex,available,11.98,133.98,high,low,10,namecheap,,,18/09/2026 13:13
50e0955d-c449-4b8e-b856-41fa091bd502,diesel.forex,available,10.55,83,high,low,6,spaceship,,,28/09/2026 09:31
93a04216-034f-4c15-81c1-d0ef77121227,carex.forex,available,10.55,83,high,low,5,spaceship,,,30/09/2026 08:57
fac4b4c5-0790-453a-ae23-e13607ade8d2,nerves.forex,available,11.98,133.98,medium,low,6,namecheap,,,27/09/2026 04:51
933800f5-14e5-4cd6-9027-f6a0c41415b5,prefers.forex,available,11.98,133.98,medium,low,7,namecheap,,,20/09/2026 07:15
46acfe56-9063-49cb-ba2a-e52114187093,parented.forex,available,11.98,133.98,high,low,8,namecheap,,,08/09/2026 01:16
55536c37-70cb-467e-b767-4d4e651e85ac,acromion.forex,available,11.98,133.98,medium,low,8,namecheap,,,17/09/2026 03:49
ce1e0d8f-bf92-4616-8cdb-81d1f14b7766,flummox.forex,available,11.98,133.98,medium,low,7,namecheap,,,21/09/2026 17:31
ecac6d32-c60c-4a82-a5a4-6aef8554365e,gogh.forex,available,80.2,80.2,medium,low,4,cloudflare,,,28/09/2026 19:21
a5664601-0f10-4a79-a7e8-dfcd38736bbc,barkeeper.forex,available,11.98,133.98,medium,low,10,namecheap,,,22/09/2026 06:23
df8192a6-5bf2-4b1b-b8a8-12be75a04392,waivers.forex,available,10.81,82.9,medium,low,7,porkbun,,,02/10/2026 22:33
02cbad96-440a-45b4-b99b-8fe47821b9c7,hidebound.forex,available,11.98,133.98,medium,low,9,namecheap,,,21/08/2026 08:11
93b0319a-c3db-4ecc-864c-e676420dd6c7,seats.forex,available,10.55,83,high,low,5,spaceship,,,30/09/2026 10:51
ea0f2ff2-9b55-47da-b50c-3c8f9130d270,narrowing.forex,available,11.98,133.98,high,low,9,namecheap,,,12/08/2026 23:00
f630dae6-f162-4854-bf1b-873b94c1647e,bellyband.forex,available,11.98,133.98,medium,low,9,namecheap,,,23/09/2026 06:51
13614570-c62a-4fe9-add6-830812ad849f,erp.forex,available,11.98,133.98,high,medium,3,namecheap,,,28/09/2026 21:45
436c5233-3669-4ec4-88bf-63ecbdad96c6,uproarious.forex,available,11.98,133.98,medium,low,10,namecheap,,,21/08/2026 09:23
7c8ace26-d3d6-481b-858a-1685e7e9f6cf,baddie.forex,available,11.98,133.98,medium,low,6,namecheap,,,21/09/2026 16:59
c97abab6-552b-465e-b0b6-b05f02d73799,incoherent.forex,available,11.98,133.98,medium,low,10,namecheap,,,22/08/2026 01:42
943d6193-9aca-4a53-97ab-0e515d26c7cc,risque.forex,available,11.98,133.98,medium,low,6,namecheap,,,18/08/2026 20:02
3615056b-e3d1-4462-99ed-3e80785a0421,nfc.forex,available,80.2,80.2,high,low,3,cloudflare,,,29/09/2026 09:52
c67b3600-2d54-43d1-9fc1-ad0f4db9d003,robbing.forex,available,10.81,82.9,medium,low,7,porkbun,,,28/09/2026 23:49
8e54b41a-f562-40b7-9aa1-843aec42f085,hosts.forex,available,11.98,133.98,medium,low,5,namecheap,,,18/09/2026 22:23
2aae59d0-bde6-4232-9b0b-7c7f027d69fa,patton.forex,available,11.98,133.98,high,low,6,namecheap,,,25/09/2026 16:06
3351c19b-0cb0-4370-8dbf-99879cdce28e,easter.forex,available,11.98,133.98,high,low,6,namecheap,,,27/09/2026 04:40